0,120.086,341.466,383.408,218.743,384.759,24.213,372.145,112.813,25.95,31.906,53.998,338.371,127.042,360.465,39.868,59.567,313.205,61.451,50.424,62.249,9.577,36.326,35.904,28.537,428.997,83.303,41.737,36.814,71.706,375.271,63.603,47.043,304.871,30.479,19.574,358.349,103.08,351.161,10.971,26.122,30.881,40.431,188.94,38.902,371.522,404.787,346.238,384.845,81.456,13.428,375.633,12.566,40.512,12.293,68.049,18.303,15.157,86.159,394.4231,382.761,79.641,11.713,360.6831,389.9711,84.805,158.464,126.381,52.962,378.493,15.201,223.444,46.847,12.439,92.757,48.685,401.803,17.673,78.005,543.928,16.029,30.99,95.352,470.622,14.671,44,362.9641,15.62,98.622,401.159,9.318,324.35,341.1021,20.983,20.669,274.611,86.022,35.246,78.755,46.222,402.1901,362.791,18.663,127.943,34.718,17.968,32.699,353.011,369.113,36.095,406.412
120.488,0,459.808,501.75,337.085,503.101,106.02,490.487,231.155,96.069,89.388,98.99,456.713,9.583,478.807,85.3,106.919,431.547,180.861,108.635,91.61,127.918,92.582,154.246,94.807,547.3391,37.884,113.329,113.699,179.993,493.613,170.058,97.025,423.213,114.923,118.29,476.691,32.393,469.503,140.388,99.51,91.454,159.841,307.282,157.244,489.864,523.129,464.58,503.187,142.854,120.211,493.975,109.736,86.698,124.268,187.459,125.379,105.214,34.119,512.765,501.103,65.853,130.055,479.0251,508.313,58.449,277.874,16.592,105.195,496.835,114.54,341.786,104.553,116.863,41.785,72.984,520.1451,111.291,139.403,662.2701,134.318,94.499,214.762,588.9641,109.78,90.185,481.306,120.069,35.147,519.5009,122.135,442.692,459.444,100.026,107.167,392.953,84.284,110.555,72.53,80.328,520.5321,481.133,107.706,130.726,86.369,126.736,111.534,471.353,487.455,115.877,524.7541
339.669,459.637,0,48.458,150.652,119.698,363.069,41.252,241.808,365.501,371.457,391.683,75.771,466.593,17.315,379.419,392.493,84.309,316.092,384.5941,399.934,335.191,375.877,307.689,368.088,99.035,422.854,376.358,374.629,321.527,112.671,328.986,384.728,59.642,367.193,353.135,28.387,450.8711,11.536,340.945,365.673,370.432,349.928,191.625,331.396,56.128,136.805,4.681,69.45,378.9661,352.138,45.637,352.117,380.063,343.572,305.91,357.013,354.709,425.71,79.028,52.799,417.326,330.572,69.731,43.805,422.4901,216.307,465.932,388.658,29.784,354.98,158.726,384.532,351.99,432.308,388.236,86.408,355.296,384.9871,247.734,340.219,370.541,278.528,205.267,354.222,383.551,33.6,347.222,438.173,133.177,344.803,55.937,34.58,360.534,360.22,115.956,423.7071,372.9311,416.44,385.773,86.795,23.166,358.214,467.079,374.269,356.049,370.384,13.386,38.22,371.2821,141.381
380.897,500.8651,48.627,0,186.256,86.866,404.2971,11.759,283.0361,406.729,412.685,432.911,82.653,507.8211,38.137,420.647,433.7211,91.191,388.984,425.8221,441.162,376.419,417.105,348.917,409.316,54.113,464.082,417.586,415.857,362.755,98.794,370.214,425.956,106.554,408.421,394.363,26.17,492.0991,40.788,382.173,406.901,411.66,391.156,227.229,372.624,30.872,103.973,45.582,31.129,420.1931,393.3661,13.408,393.3451,421.291,384.8,352.822,398.241,395.937,466.938,46.196,17.644,458.554,371.8,44.475,9.56,463.718,263.219,507.16,429.886,21.48,396.208,194.33,425.76,393.218,473.536,429.464,53.576,396.524,426.2141,214.901,381.447,411.769,325.44,172.434,395.45,424.779,20.915,388.45,479.401,100.345,386.031,62.819,44.649,401.762,401.448,130.934,464.9351,414.1591,457.668,427.001,47.109,26.329,399.442,508.307,415.497,397.277,411.612,37.82,15.135,412.5101,108.549
217.403,337.371,150.598,187.31,0,173.428,240.803,176.047,108.04,243.235,249.191,269.417,125.96,344.327,164.367,257.153,270.227,95.5,225.49,262.328,277.668,212.925,253.611,185.423,245.822,232.899,300.588,254.092,252.363,196.166,157.457,203.625,262.462,141.474,244.927,230.869,162.251,328.605,160.293,218.679,243.407,248.166,227.662,42.226,209.13,175.424,184.589,155.37,188.747,244.1,229.872,179.535,229.851,257.797,221.306,225.551,234.747,232.443,303.444,178.762,186.663,295.06,208.306,155.534,193.873,300.224,168.248,343.666,266.392,182.395,232.714,10.023,262.266,229.724,310.042,265.97,184.663,233.03,250.121,332.596,217.953,248.275,252.854,259.291,231.956,261.285,166.866,224.956,315.907,180.961,222.537,124.15,145.004,238.268,237.954,56.906,301.441,250.665,294.174,263.507,196.321,171.923,235.948,344.813,252.003,233.783,248.118,162.143,173.015,249.016,179.462
383.497,503.465,119.483,87.543,173.749,0,406.897,81.276,285.6371,409.329,415.285,435.511,48.08,510.4211,104.482,423.247,436.321,78.685,390.696,428.4221,443.762,379.019,419.705,351.517,411.916,94.018,466.682,420.186,418.457,365.355,14.943,372.814,428.556,177.276,411.021,396.963,95.687,494.6991,118.133,384.773,409.501,414.26,393.756,214.722,375.224,67.994,20.337,118.278,57.733,416.5961,395.966,77.708,395.945,423.891,387.4,391.6451,400.841,398.537,469.538,42.525,71.314,461.154,374.4,57.658,94.106,466.3181,320.891,509.76,432.486,106.026,398.808,181.823,428.36,395.818,476.136,432.064,34.276,399.124,422.6171,159.477,384.047,414.369,386.279,86.172,398.05,427.379,91.599,391.05,482.001,16.709,388.631,66.935,87.789,404.362,404.048,118.428,467.5351,416.7591,460.268,429.601,59.297,110.875,402.042,510.907,418.097,399.877,414.212,120.024,85.278,415.1101,24.698
24.505,105.984,363.547,405.489,240.824,406.84,0,394.226,134.894,25.176,21.237,60.634,360.452,112.94,382.546,25.681,71.242,335.286,81.594,65.976,66.173,31.935,14.762,57.985,16.16,451.078,69.201,57.74,49.746,93.787,397.352,85.684,46.595,326.9521,43.411,15.555,380.43,88.978,373.242,29.06,25.354,21.699,60.575,211.021,59.76,393.603,426.868,368.319,406.926,94.358,30.266,397.714,15.479,20.98,21.533,88.192,31.235,17.362,72.058,416.504,404.842,79.193,34.072,382.764,412.098,84.357,178.608,112.279,65.894,400.574,10.689,245.525,59.51,15.047,78.655,35.918,423.884,8.556,90.907,566.009,30.921,13.098,115.495,492.703,21.365,19.791,385.045,17.334,84.52,423.24,26.156,346.431,363.183,20.449,10.454,296.692,93.95,47.154,77.423,33.69,424.271,384.918,12.576,135.022,24.047,30.813,44.774,375.092,391.24,49.027,428.493
370.052,490.02,41.152,12.459,175.411,81.181,393.452,0,272.191,395.884,401.84,422.0661,71.808,496.976,27.175,409.802,422.8761,80.346,378.139,414.9771,430.317,365.574,406.26,338.0721,398.471,58.195,453.237,406.741,405.0121,351.91,93.109,359.369,415.1111,98.689,397.576,383.518,15.252,481.2541,42.366,371.328,396.056,400.815,380.311,216.384,361.779,22.385,98.288,42.511,25.444,409.348,382.521,4.944,382.5,410.446,373.955,378.2001,387.396,385.092,456.093,40.511,11.959,447.709,360.955,35.988,19.022,452.8731,255.353,496.315,419.041,29.973,385.363,183.485,414.9151,382.373,462.691,418.619,47.891,385.679,415.369,209.216,370.602,400.924,317.574,166.749,384.6049,413.934,9.953,377.605,468.556,94.66,375.1861,51.974,33.804,390.917,390.603,120.089,454.0901,403.3141,446.8231,416.156,41.424,34.894,388.597,497.4621,404.652,386.4321,400.767,38.982,4.173,401.6651,102.864
111.603,231.571,241.448,283.389,109.088,284.741,135.003,272.126,0,137.435,143.391,163.617,238.352,238.527,260.446,151.353,166.095,203.551,119.69,156.528,171.868,107.125,147.811,79.623,140.022,328.978,194.788,148.292,146.563,87.779,265.508,95.238,156.662,204.852,139.127,125.069,258.33,222.805,251.143,112.879,137.607,142.366,121.862,79.285,103.33,271.503,292.639,246.22,284.826,135.713,124.072,275.614,124.051,151.997,115.506,119.751,128.947,126.643,197.644,294.404,282.742,189.26,102.506,260.664,289.9521,194.424,125.446,237.866,160.592,278.474,126.914,113.789,156.466,123.924,204.242,160.17,301.784,127.23,141.734,443.909,112.153,142.475,147.054,370.604,126.156,155.485,262.945,119.156,210.107,289.011,116.737,224.331,241.083,132.468,132.154,164.956,195.641,144.865,188.374,157.707,302.171,262.773,130.148,239.013,146.203,127.983,142.318,252.993,269.094,143.216,287.513
26.347,95.363,365.667,407.609,242.944,408.96,25.537,396.346,137.014,0,7.183,37.095,362.572,102.319,384.666,15.145,47.703,337.406,86.72,45.627,42.634,33.777,24.029,60.105,5.649,453.198,58.58,35.937,29.036,95.907,399.472,87.804,23.056,329.0721,22.069,28.056,382.55,78.357,375.362,30.898,3.015,7.203,65.7,213.141,63.103,395.723,428.988,370.439,409.046,76.74,26.07,399.834,15.595,15.789,31.002,93.318,28.23,11.073,61.436,418.6241,406.962,55.654,35.914,384.8841,414.1721,60.818,183.733,101.658,48.1,402.694,20.399,247.645,35.971,22.722,68.034,23.962,426.004,24.269,73.289,568.129,40.177,11.672,120.621,494.823,15.639,19.277,387.165,30.165,73.899,425.36,27.994,348.551,365.303,5.885,15.571,298.812,70.411,25.629,53.884,21.499,426.3911,386.992,13.565,111.483,9.995,27.104,23.249,377.212,393.314,30.295,430.613
32.62,89.047,371.94,413.882,249.217,415.233,21.672,402.619,143.287,8.201,0,39.711,368.845,96.003,390.939,6.779,50.319,343.679,92.993,48.244,45.25,40.05,17.713,66.378,6.939,459.471,52.264,39.764,32.863,102.18,405.745,94.077,25.672,335.3451,25.896,33.942,388.823,72.041,381.635,47.268,11.642,3.985,71.973,219.414,69.376,401.996,435.261,376.712,415.319,79.357,32.343,406.107,21.868,9.473,37.275,99.591,32.057,17.346,55.12,424.897,413.235,58.271,42.187,391.157,420.445,63.435,190.006,95.342,50.717,408.967,26.672,253.918,38.588,28.995,61.718,17.646,432.277,26.943,75.906,574.402,46.45,7.685,126.894,501.096,21.912,12.961,393.438,35.721,67.583,431.633,34.267,354.824,371.576,12.158,21.844,305.085,73.027,29.456,56.501,15.183,432.664,393.265,19.838,114.099,3.372,33.414,27.076,383.485,399.587,34.122,436.886
54.38,98.837,391.829,433.77,269.106,435.122,60.805,422.507,163.176,36.728,40.709,0,388.734,104.58,410.827,39.108,11.462,363.568,115.293,11.846,10.397,57.386,53.161,86.267,42.291,479.359,70.564,19.816,20.069,84.536,425.634,74.601,14.781,355.234,25.669,63.324,408.711,69.096,401.524,51.116,37.514,36.06,94.273,239.303,90.288,421.884,455.15,396.601,435.207,47.397,41.316,425.995,50.898,44.921,66.27,121.891,36.107,46.376,71.673,444.785,433.123,37.786,62.347,411.045,440.333,40.715,212.306,101.506,8.809,428.855,55.667,273.807,7.764,57.747,64.661,47.286,452.165,59.537,43.946,594.291,69.436,45.041,149.194,520.9851,44.542,48.409,413.326,65.433,68.232,451.522,48.187,374.712,391.464,41.153,50.839,324.974,34.17,21.456,26.903,40.647,452.552,413.154,48.833,75.242,37.374,37.464,25.912,403.374,419.475,22.364,456.774
336.874,456.8421,75.529,83.471,126.029,48.46,360.2741,72.208,239.013,362.7061,368.662,388.8881,0,463.7981,60.528,376.6241,389.6981,30.965,344.073,381.7991,397.139,332.3961,373.0821,304.894,365.2931,106.074,420.0591,373.563,371.834,318.732,38.154,326.191,381.933,130.652,364.398,350.3401,58.412,448.0761,74.179,338.15,362.8781,367.637,347.1331,167.002,328.601,51.151,68.488,74.324,65.056,368.876,349.3431,75.696,349.3221,377.2681,340.777,345.0221,354.218,351.9141,422.915,53.794,71.853,414.531,327.7771,38.016,90.034,419.6951,274.267,463.1371,385.863,78.556,352.185,134.103,381.7371,349.1951,429.513,385.441,59.695,352.501,374.8971,207.628,337.424,367.746,339.655,134.323,351.427,380.756,63.027,344.427,435.3781,64.86,342.0081,20.311,41.165,357.739,357.425,70.708,420.9121,370.1361,413.6451,382.978,71.353,83.477,355.419,464.2841,371.474,353.2541,367.589,76.07,69.176,368.4871,70.112
127.437,9.749,466.757,508.699,344.034,510.05,112.969,497.436,238.104,103.018,96.337,104.648,463.662,0,485.756,92.249,112.577,438.496,187.81,114.293,97.268,134.867,99.531,161.195,101.756,554.288,44.833,118.987,119.357,185.651,500.562,175.716,102.683,430.1621,120.581,125.239,483.64,38.051,476.452,146.046,106.459,98.403,166.79,314.231,164.193,496.813,530.078,471.529,510.136,148.512,136.246,500.924,116.685,93.647,131.217,194.408,131.037,112.163,41.068,519.7141,508.052,71.511,137.004,485.9741,515.262,64.107,284.823,16.41,110.853,503.784,121.489,348.735,110.211,123.812,47.443,79.933,527.0941,118.24,145.061,669.2191,141.267,101.448,221.711,595.913,116.729,97.134,488.255,127.018,40.805,526.4499,129.084,449.641,466.393,106.975,114.116,399.902,89.942,116.213,78.188,87.277,527.4811,488.082,114.655,136.384,93.318,132.394,117.192,478.302,494.404,121.535,531.7031
358.749,478.717,17.954,38.638,164.108,104.432,382.149,27.375,260.8881,384.581,390.537,410.7631,60.505,485.6731,0,398.499,411.5731,69.043,331.939,403.6741,419.014,354.271,394.957,326.769,387.168,85.158,441.934,395.438,393.709,340.607,97.405,348.066,403.808,75.49,386.273,372.215,14.51,469.9511,19.168,360.025,384.753,389.512,369.008,205.081,350.476,40.861,121.539,19.313,52.407,398.045,371.218,31.76,371.1971,399.143,362.652,321.757,376.093,373.789,444.79,63.762,38.922,436.406,349.652,54.464,40.244,441.5701,232.154,485.012,407.738,26.28,374.06,172.182,403.6121,371.07,451.388,407.316,71.142,374.376,404.0661,232.468,359.299,389.621,294.375,190.001,373.302,402.631,19.723,366.302,457.253,117.911,363.8831,40.671,19.314,379.614,379.3,108.786,442.7871,392.0111,435.5201,404.853,68.387,18.596,377.294,486.1591,393.349,375.1291,389.464,21.059,24.343,390.3621,126.115
39.201,85.277,378.521,420.463,255.798,421.814,24.594,409.2,149.868,14.782,6.796,39.124,375.426,92.233,397.52,0,49.732,350.26,99.574,47.656,44.663,46.631,14.292,72.959,13.52,466.052,48.494,43.721,33.589,108.761,412.326,100.658,25.085,341.926,32.477,36.864,395.404,68.271,388.216,53.849,18.223,10.211,78.554,225.995,75.957,408.577,441.842,383.293,421.9,78.769,38.924,412.688,28.449,6.052,42.842,106.172,38.638,23.927,51.35,431.4781,419.816,57.683,48.768,397.7381,427.0261,62.847,196.587,91.572,50.129,415.548,32.537,260.499,38,36.28,57.948,13.876,438.858,29.865,75.318,580.983,52.23,13.073,133.475,507.677,28.493,9.54,400.019,38.643,63.813,438.214,40.848,361.405,378.157,18.739,25.741,311.666,72.44,30.462,55.913,10.009,439.2451,399.846,26.419,113.512,6.474,39.995,31.441,390.066,406.168,36.084,443.467
59.891,106.895,392.776,434.717,270.053,436.069,71.544,423.454,165.596,47.467,51.448,11.478,389.681,112.638,411.774,49.847,0,364.515,116.24,8.424,18.455,58.333,63.9,87.214,53.03,480.306,78.622,19.285,24.034,73.976,426.581,64.041,25.52,356.1811,31.619,74.063,409.658,77.154,402.471,52.063,48.253,46.799,95.22,240.25,91.235,422.831,456.097,397.548,436.154,36.837,46.827,426.942,58.116,55.66,74.167,122.838,41.618,57.115,79.731,445.732,434.07,45.844,63.294,411.992,441.28,48.773,213.253,109.564,5.156,429.802,66.406,274.754,16.923,64.94,72.719,58.025,453.112,70.276,33.386,595.238,76.401,55.78,150.141,521.9321,54.928,59.148,414.273,73.33,76.29,452.469,53.698,375.659,392.411,51.892,61.578,325.921,40.483,30.615,34.961,51.386,453.499,414.101,59.572,75.694,48.113,42.974,35.071,404.321,420.422,25.117,457.721
311.788,431.756,84.308,92.25,95.638,78.368,335.188,80.987,202.425,337.62,343.576,363.802,30.9,438.7121,69.307,351.538,364.6121,0,319.875,356.713,372.053,307.31,347.996,279.808,340.207,137.839,394.973,348.477,346.748,290.551,62.398,298.01,356.847,109.492,339.312,325.254,67.191,422.9901,82.958,313.064,337.792,342.551,322.047,136.611,303.515,80.364,89.529,83.103,93.687,338.485,324.257,84.475,324.2361,352.182,315.691,319.936,329.132,326.828,397.829,83.702,91.603,389.445,302.691,60.474,98.813,394.609,245.935,438.051,360.777,87.335,327.099,103.712,356.651,324.109,404.427,360.355,89.603,327.415,344.5061,237.536,312.338,342.66,311.323,164.231,326.341,355.67,71.806,319.341,410.292,85.901,316.922,29.09,49.944,332.653,332.339,40.317,395.8261,345.05,388.559,357.892,101.261,92.256,330.333,439.198,346.388,328.168,342.503,84.849,77.955,343.4011,84.403
61.274,180.798,316.306,389.278,224.613,390.629,81.293,378.015,118.683,86.662,92.618,115.308,344.241,187.754,331.396,100.58,116.118,319.075,0,108.219,123.559,58.606,96.68,47.036,94.406,434.867,144.015,99.983,98.254,102.134,381.141,94.031,108.353,257.5571,90.818,71.359,364.219,174.496,326.001,64.512,86.834,91.593,21.528,194.81,31.215,377.392,410.658,321.078,390.715,136.601,74.14,381.503,73.278,99.226,61.796,10.669,79.015,75.869,146.871,400.293,388.631,140.951,55.097,366.553,358.2701,146.115,101.085,187.093,112.283,344.2491,73.204,229.314,108.157,73.151,153.469,109.397,407.673,73.52,133.15,549.798,46.26,91.344,37.972,476.492,75.383,103.901,368.834,65.446,159.334,407.03,68.052,330.22,346.972,81.695,82.132,280.481,147.332,96.556,140.065,106.934,408.06,337.631,79.676,190.704,95.43,79.674,94.009,327.851,374.983,94.907,412.282
50.735,109.711,385.029,426.97,262.306,428.322,63.632,415.707,156.376,44.228,48.209,11.404,381.9341,115.454,404.0269,47.565,8.415,356.768,108.493,0,21.271,50.586,61.617,79.467,50.747,472.559,81.438,8.769,14.878,71.872,418.834,61.937,23.242,348.4341,22.463,67.068,401.911,79.97,394.724,44.316,42.034,44.516,87.473,232.503,83.488,415.084,448.35,389.801,428.407,34.733,37.671,419.195,48.96,53.377,65.011,115.091,32.462,49.099,82.547,437.985,426.323,53.861,55.547,404.245,433.533,51.589,205.506,112.38,3.754,422.055,56.827,267.007,9.254,55.784,75.535,55.743,445.365,62.364,31.282,587.491,67.245,53.497,142.394,514.1851,45.772,56.865,406.526,64.174,79.106,444.722,44.542,367.912,384.664,49.61,54.583,318.174,47.237,21.097,37.777,49.104,445.752,406.354,52.577,82.448,45.831,33.818,25.553,396.574,412.675,15.961,449.974
62.509,91.867,399.958,441.899,277.235,443.251,70.396,430.636,171.305,46.319,50.3,10.33,396.863,97.61,418.956,48.699,18.259,371.697,123.422,19.975,0,65.515,62.752,94.396,51.882,487.488,63.594,27.945,28.198,91.333,433.763,81.398,24.372,363.363,33.798,72.915,416.84,62.126,409.653,59.245,47.105,45.651,102.402,247.432,98.417,430.271,463.279,404.73,443.336,54.194,49.445,434.124,59.684,54.512,75.735,130.02,44.236,55.967,64.703,452.914,441.252,30.816,70.476,419.174,448.462,33.745,220.435,94.536,16.535,436.984,65.258,281.936,15.893,65.876,57.691,56.877,460.294,69.128,50.743,602.42,77.565,54.632,157.323,529.1141,52.671,58,421.455,74.898,61.262,459.651,56.316,382.841,399.593,50.744,60.43,333.103,27.067,29.585,19.933,50.238,460.681,421.283,58.424,68.14,46.965,45.593,34.041,411.503,427.604,30.493,464.903
9.861,128.498,335.538,377.48,212.815,378.831,32.625,366.217,106.885,34.362,40.318,57.772,332.443,135.454,354.537,48.28,58.582,307.277,58.73,50.683,66.023,0,44.738,29.976,36.949,423.069,91.715,42.447,40.718,65.778,369.343,57.675,50.817,298.943,33.282,28.29,352.421,116.96,345.233,6.976,34.534,39.293,37.71,183.012,32.974,365.594,398.859,340.31,378.917,79.065,20.999,369.705,20.978,48.924,21.009,65.328,23.441,23.57,94.571,388.495,376.833,83.415,5.784,354.755,384.043,88.579,155.743,134.793,54.747,372.565,23.917,217.516,50.621,20.851,101.169,57.097,395.875,26.389,75.614,538,24.744,39.402,92.631,464.694,23.083,52.412,357.036,24.336,107.034,395.231,10.516,318.422,335.174,29.395,29.081,268.683,89.796,39.02,82.529,54.634,396.262,356.863,27.075,133.168,43.13,22.138,36.473,347.083,363.185,37.371,400.484
36.94,92.526,376.26,418.202,253.537,419.553,14.754,406.939,147.607,23.969,17.288,52.416,373.165,99.482,395.259,14.727,63.024,347.999,96.935,60.949,57.955,44.37,0,70.698,12.432,463.791,55.743,57.014,46.36,106.5,410.065,98.397,38.377,339.665,39.393,30.896,393.143,75.52,385.955,41.491,19.89,19.397,75.916,223.734,75.101,406.316,439.581,381.032,419.639,92.062,36.633,410.427,24.824,7.744,36.874,103.533,38.089,23.376,58.6,429.217,417.555,70.976,46.507,395.4771,424.765,76.14,193.949,98.821,63.422,413.287,26.569,258.238,51.293,30.312,65.197,24.661,436.597,23.897,88.611,578.722,46.262,7.825,130.836,505.416,28.219,5.516,397.758,32.675,71.062,435.953,38.587,359.144,375.896,14.95,19.773,309.405,85.732,43.755,69.206,22.457,436.984,397.585,21.361,126.804,15.11,37.667,40.573,387.805,403.907,47.619,441.206
34.661,154.629,307.911,349.852,185.188,351.204,58.061,338.589,79.258,60.493,66.449,86.675,304.815,161.585,326.909,74.411,87.485,279.65,47.42,79.586,94.926,30.183,70.869,0,63.08,395.441,117.846,71.35,69.621,45.376,341.715,37.273,79.72,271.316,62.185,48.127,324.793,145.863,317.606,35.937,60.665,65.424,44.92,155.385,26.388,337.966,371.232,312.683,351.289,78.625,47.13,342.077,47.109,75.055,38.564,48.369,52.005,49.701,120.702,360.867,349.205,112.318,25.564,327.127,356.415,117.482,138.785,160.924,83.65,344.937,49.972,189.889,79.524,46.982,127.3,83.228,368.247,50.288,80.613,510.372,35.211,65.533,75.672,437.067,49.214,78.543,329.408,42.214,133.165,367.604,39.795,290.794,307.546,55.526,55.212,241.056,118.699,67.923,111.432,80.765,368.634,329.236,53.206,162.071,69.261,51.041,65.376,319.456,335.557,66.274,372.856
28.876,94.778,368.196,410.138,245.473,411.489,16.381,398.875,139.543,5.369,6.6,42.615,365.101,101.734,387.195,14.56,53.223,339.935,94.69,51.148,48.154,36.306,12.924,62.634,0,455.727,57.995,42.352,35.451,98.436,402.001,90.333,28.576,331.601,28.484,28.651,385.079,77.772,377.891,33.427,7.572,7.062,73.671,215.67,65.632,398.252,431.517,372.968,411.575,82.261,28.599,402.363,18.124,9.422,34.629,101.288,30.055,13.602,60.851,421.153,409.491,61.175,38.443,387.4131,416.701,66.339,191.704,101.073,53.621,405.223,24.324,250.174,41.492,28.067,67.449,23.377,428.533,21.652,78.81,570.658,44.017,4.022,128.591,497.352,18.168,14.097,389.694,30.43,73.314,427.889,30.523,351.08,367.832,8.414,17.528,301.341,75.931,32.044,59.405,20.914,428.92,389.521,19.116,117.003,9.41,29.633,29.664,379.741,395.843,36.71,433.142
427.46,547.428,99.303,54.172,232.819,94.153,450.86,58.322,329.5991,453.292,459.248,479.4741,105.477,554.384,85.326,467.21,480.2841,137.754,434.659,472.3851,487.725,422.982,463.668,395.48,455.879,0,510.645,464.149,462.42,409.318,106.081,416.777,472.519,156.84,454.984,440.926,72.733,538.662,94.946,428.736,453.464,458.223,437.719,273.792,419.187,69.676,111.26,100.662,48.909,466.756,439.929,54.754,439.9081,467.854,431.363,435.6081,444.804,442.5,513.501,53.483,48.28,505.117,418.363,81.018,58.886,510.2811,313.504,553.723,476.449,75.638,442.771,240.893,472.3231,439.781,520.0991,476.027,60.863,443.087,472.7771,222.188,428.01,458.332,375.725,179.721,442.013,471.342,68.645,435.013,525.9641,107.632,432.5941,109.382,91.212,448.325,448.011,177.497,511.4981,460.7221,504.231,473.564,40.789,80.487,446.005,554.8701,462.06,443.8401,458.175,91.978,62.324,459.0731,115.836
83.57,38.425,422.89,464.832,300.167,466.183,69.103,453.569,194.237,59.151,52.47,70.952,419.795,45.381,441.889,48.382,78.881,394.629,143.943,80.597,63.572,91,55.665,117.328,57.889,510.421,0,85.291,76.178,153.13,456.695,142.02,67.674,386.295,76.846,81.373,439.773,21.419,432.585,98.218,62.592,54.536,122.923,270.364,120.326,452.946,486.211,427.662,466.269,114.816,83.293,457.057,72.818,49.781,87.351,150.541,83.007,68.296,4.499,475.847,464.185,37.814,93.137,442.1071,471.3951,30.411,240.956,44.72,77.157,459.917,77.622,304.868,76.515,79.945,11.096,36.066,483.227,74.374,111.365,625.3521,97.4,57.582,177.844,552.0461,72.862,53.268,444.388,83.152,16.961,482.583,85.217,405.774,422.526,63.108,70.25,356.035,56.246,73.051,44.492,43.41,483.614,444.215,70.788,102.688,49.451,84.364,74.03,434.435,450.537,87.839,487.836
42.118,113.724,376.578,418.519,253.855,419.871,58.049,407.256,147.925,35.611,39.592,20.409,373.483,119.467,395.576,44.141,19.117,348.317,100.042,8.268,28.66,42.135,58.193,71.016,41.383,464.108,85.451,0,7.419,76.704,410.383,66.769,19.818,339.983,13.846,61.485,393.46,83.983,386.273,35.865,33.417,41.092,79.022,224.052,75.037,406.633,439.899,381.35,419.956,39.565,29.054,410.744,43.377,49.953,59.428,106.64,23.845,43.516,86.56,429.534,417.872,50.437,47.096,395.794,425.082,55.602,197.055,116.393,12.032,413.604,51.244,258.556,13.258,49.611,79.548,52.319,436.914,56.781,36.114,579.04,61.3,44.133,133.943,505.734,40.189,53.441,398.075,58.591,83.118,436.271,35.925,359.461,376.213,39.827,49,309.723,52.433,13.247,45.166,45.68,437.301,397.903,46.994,91.541,42.407,25.201,17.703,388.123,404.224,4.449,441.523
37.763,113.372,376.209,418.15,253.486,419.502,50.607,406.887,147.556,28.356,32.337,20.135,373.114,119.115,395.207,33.226,24.274,347.948,99.673,15.131,28.386,41.766,47.278,70.647,34.128,463.739,76.022,8.542,0,83.302,410.014,73.367,17.811,339.614,6.26,54.043,393.091,83.631,385.904,35.496,26.162,30.658,78.653,223.683,74.668,406.264,439.53,380.981,419.587,46.163,24.699,410.375,35.935,39.038,51.986,106.271,19.49,36.074,78.878,429.165,417.503,50.086,46.727,395.425,424.713,55.25,196.686,116.041,17.669,413.235,43.802,258.187,11.677,42.127,79.196,41.404,436.545,49.339,42.712,578.671,53.816,36.878,133.574,505.3651,28.922,42.526,397.706,51.149,82.767,435.902,31.57,359.092,375.844,32.572,41.558,309.354,52.159,5.835,44.892,34.765,436.932,397.534,39.552,93.231,31.492,20.846,10.292,387.754,403.855,2.763,441.154
70.218,179.84,321.935,363.876,196.216,365.228,93.618,352.613,87.983,96.05,102.006,84.423,318.839,185.583,340.933,109.968,73.978,290.679,91.759,71.852,91.4,65.74,106.426,45.321,98.637,409.465,153.403,76.444,82.927,0,355.739,8.966,91.403,285.3391,97.742,83.684,338.817,150.099,331.63,71.494,96.222,100.981,80.477,166.413,61.952,351.99,385.256,326.707,365.313,58.721,82.687,356.101,82.666,110.612,74.121,98.135,87.562,85.258,156.259,374.8911,363.229,122.022,61.121,341.1511,370.4391,121.718,172.936,182.509,76.543,358.961,85.529,200.917,84.843,82.539,145.664,118.785,382.271,85.845,60.71,524.396,70.768,101.09,125.438,451.091,84.771,114.1,343.432,77.771,149.235,381.628,75.352,304.818,321.57,91.083,90.769,252.084,113.428,89.259,107.906,116.322,382.6581,343.26,88.763,148.639,104.818,86.598,100.933,333.48,349.581,84.01,386.88
373.652,493.6201,112.307,100.045,157.358,15.017,397.0521,93.778,264.145,399.484,405.44,425.666,37.769,500.5761,97.306,413.402,426.4761,62.293,380.851,418.5771,433.917,369.174,409.86,341.672,402.071,106.52,456.837,410.341,408.612,355.51,0,362.969,418.711,167.43,401.176,387.118,95.19,484.8541,110.957,374.928,399.656,404.415,383.911,198.331,365.379,65.73,29.209,111.102,70.235,400.204,386.1211,90.21,386.1001,414.0461,377.555,381.8,390.996,388.692,459.693,55.027,83.816,451.309,364.5551,50.473,106.608,456.4731,311.045,499.915,422.641,115.334,388.963,165.432,418.515,385.9731,466.291,422.219,46.778,389.279,406.2251,174.185,374.202,404.524,376.433,100.88,388.205,417.534,99.805,381.205,472.156,25.581,378.786,57.089,77.943,394.517,394.203,102.036,457.6901,406.9141,450.423,419.756,71.799,120.255,392.197,501.062,408.252,390.032,404.367,112.848,97.78,405.2651,27.073
62.533,169.9,329.359,371.3,203.64,372.652,85.933,360.037,95.407,88.365,94.321,74.483,326.263,175.643,348.357,102.283,64.038,298.103,84.074,61.912,81.46,58.055,98.741,37.636,90.952,416.889,141.627,66.504,72.987,8.979,363.163,0,81.463,292.763,80.572,75.999,346.241,140.159,339.054,63.809,88.537,93.296,72.792,173.837,54.267,359.414,392.68,334.131,372.737,48.781,75.002,363.525,74.981,102.927,66.436,90.45,79.877,77.573,142.736,382.315,370.653,112.082,53.436,348.575,377.863,111.778,180.866,172.569,66.603,366.385,77.844,208.341,74.903,74.854,135.724,111.1,389.695,78.16,50.77,531.82,63.083,93.405,117.753,458.515,77.086,106.415,350.856,70.086,139.295,389.052,67.667,312.242,328.994,83.398,83.084,259.508,103.488,79.319,97.966,107.325,390.082,350.684,81.078,138.699,97.133,78.913,83.775,340.904,357.005,74.07,394.304
47.315,96.65,384.764,426.705,262.041,428.057,46.708,415.442,156.111,22.631,26.612,14.804,381.669,102.393,403.762,25.011,25.412,356.503,108.228,23.337,20.343,50.321,39.063,79.202,28.193,472.294,68.377,19.402,19.773,91.589,418.569,81.654,0,348.169,18.586,49.227,401.646,66.909,394.459,44.051,23.417,21.962,87.208,232.238,83.223,414.819,448.085,389.536,428.142,54.45,34.251,418.93,36.801,30.823,52.173,114.826,29.042,32.279,70.663,437.72,426.058,33.364,55.282,403.98,433.268,38.528,205.241,99.319,25.81,421.79,41.57,266.742,13.681,43.893,62.474,33.189,445.1,45.44,50.999,587.226,62.298,30.943,142.129,513.9201,36.845,34.311,406.261,51.336,66.045,444.457,41.122,367.647,384.399,27.056,36.742,317.909,48.12,14.218,31.594,26.55,445.487,406.089,34.736,89.192,23.277,30.399,15.197,396.309,412.41,21.95,449.709
302.758,422.726,60.154,106.772,141.723,177.317,326.1581,99.181,204.897,328.59,334.546,354.772,130.928,429.6821,75.245,342.508,355.582,109.932,257.064,347.683,363.023,298.28,338.966,270.778,331.177,156.964,385.943,339.447,337.718,284.616,167.828,292.075,347.817,0,330.282,316.224,86.316,413.9601,69.85,304.034,328.762,333.521,274.591,182.696,294.485,109.997,197.345,64.927,123.319,341.9951,315.2271,103.566,315.2061,343.152,306.661,246.882,320.102,317.798,388.799,132.897,110.728,380.415,293.661,123.6,102.118,385.579,157.279,429.021,351.747,88.097,318.069,149.797,347.621,315.079,395.397,351.325,140.277,318.385,348.0161,301.603,303.308,333.63,219.5,263.18,317.311,346.64,91.529,310.311,401.262,193.717,307.892,116.907,88.449,323.623,323.309,107.028,386.7961,336.0201,379.529,348.862,140.664,81.48,321.303,430.168,337.358,319.138,333.473,71.7,96.149,334.3711,198.97
29.891,115.394,367.34,409.281,244.617,410.633,42.788,398.018,138.687,22.129,26.11,25.692,364.245,121.137,386.338,34.925,31.642,339.079,90.804,22.499,33.943,32.897,39.177,61.778,27.901,454.87,77.721,13.812,6.191,97.579,401.145,89.476,19.51,330.745,0,46.224,384.222,85.653,377.035,26.627,19.935,24.431,69.784,214.814,65.799,397.395,430.661,372.112,410.718,53.531,16.827,401.506,28.116,34.712,44.167,97.402,11.618,28.255,80.577,420.296,408.634,52.108,37.858,386.556,415.844,57.272,187.817,118.063,25.037,404.366,35.983,249.318,18.541,34.941,81.218,43.103,427.676,41.52,50.08,569.802,46.401,30.651,124.705,496.496,24.928,38.2,388.837,43.33,84.789,427.033,23.698,350.223,366.975,26.345,33.739,300.485,57.716,6.94,50.449,36.464,428.063,388.665,31.733,100.018,28.918,12.975,4.544,378.885,394.986,8.17,432.285
20.472,117.771,352.451,394.393,229.728,395.744,14.834,383.13,123.798,27.906,33.024,63.364,349.356,124.727,371.45,37.468,73.972,324.19,70.498,69.896,68.903,28.733,30.221,46.889,27.947,439.982,80.988,61.66,53.666,82.691,386.256,74.588,49.325,315.856,47.331,0,369.334,100.765,362.146,30.127,28.084,33.486,49.479,199.925,48.664,382.507,415.772,357.223,395.83,98.278,33.092,386.618,18.305,32.767,10.437,77.096,35.155,20.442,83.845,405.4081,393.746,81.923,30.869,371.6681,400.9561,87.087,167.512,124.066,69.814,389.478,10.753,234.429,62.24,16.601,90.442,47.705,412.788,4.741,94.827,554.913,19.825,24.885,104.399,481.607,25.285,37.442,373.949,6.477,96.307,412.144,28.982,335.335,352.087,23.179,16.141,285.596,96.68,51.074,80.153,45.501,413.175,373.776,15.306,137.752,35.834,34.733,48.694,363.996,380.098,52.947,417.397
356.772,476.74,27.853,27.918,162.131,95.788,380.172,16.655,258.911,382.604,388.56,408.786,58.528,483.696,13.875,396.522,409.5961,67.066,364.859,401.6971,417.037,352.294,392.98,324.792,385.191,72.802,439.957,393.461,391.732,338.63,95.428,346.089,401.831,85.389,384.296,370.238,0,467.9741,29.067,358.048,382.776,387.535,367.031,203.104,348.499,34.104,112.895,29.212,40.051,396.0681,369.241,19.439,369.22,397.166,360.675,331.656,374.116,371.812,442.813,55.118,26.566,434.429,347.675,47.707,30.601,439.593,242.053,483.035,405.761,16.637,372.083,170.205,401.635,369.093,449.411,405.339,62.498,372.399,402.0891,223.823,357.322,387.644,304.274,181.356,371.325,400.654,6.769,364.325,455.276,109.267,361.906,38.694,20.524,377.637,377.323,106.809,440.8101,390.0341,433.543,402.876,56.031,21.558,375.317,484.182,391.372,373.152,387.487,25.682,13.623,388.3851,117.471
103.124,32.643,451.125,493.066,328.402,494.418,88.656,481.803,222.472,78.705,72.024,69.014,448.0301,38.386,470.123,67.936,76.943,422.864,174.589,78.659,61.634,116.682,75.218,145.563,77.443,538.655,20.52,83.353,83.723,150.017,484.9301,140.082,67.049,414.5301,84.947,100.926,468.007,0,460.82,110.412,89.777,74.09,153.569,298.599,149.584,481.18,514.446,455.897,494.503,112.878,100.612,485.291,92.372,69.334,106.904,181.187,95.403,87.85,18.51,504.081,492.419,35.877,121.643,470.341,499.629,28.473,271.602,35.312,75.219,488.151,97.176,333.103,74.577,99.499,11.967,55.62,511.461,93.927,109.427,653.587,116.954,77.135,208.49,580.2811,92.416,72.821,472.622,102.705,5.328,510.818,107.483,434.008,450.76,82.662,89.803,384.27,54.308,80.579,42.554,62.964,511.848,472.45,90.342,100.75,69.005,96.76,81.558,462.67,478.771,85.901,516.0701
349.419,469.387,11.465,40.968,160.402,118.146,372.819,42.853,251.558,375.251,381.207,401.433,74.219,476.343,18.917,389.169,402.243,82.757,325.842,394.3441,409.684,344.941,385.627,317.439,377.838,100.636,432.604,386.108,384.379,331.277,111.119,338.736,394.478,69.392,376.943,362.885,29.988,460.6211,0,350.695,375.423,380.182,359.678,201.375,341.146,54.575,135.253,5.45,67.898,388.7161,361.888,47.238,361.867,389.813,353.322,315.66,366.763,364.459,435.46,77.476,54.4,427.076,340.322,68.178,36.314,432.2401,226.057,475.682,398.408,22.293,364.73,168.476,394.282,361.74,442.058,397.986,84.856,365.046,394.7371,246.182,349.969,380.291,288.278,203.715,363.972,393.301,35.201,356.972,447.923,131.625,354.553,54.385,33.028,370.284,369.97,122.5,433.4571,382.6811,426.19,395.523,85.243,15.675,367.964,476.829,384.019,365.799,380.134,3.899,39.821,381.0321,139.829
10.993,139.947,341.068,383.009,218.345,384.361,29.429,371.746,112.415,31.133,37.089,51.018,337.973,145.69,360.0659,45.051,51.828,312.807,64.605,43.929,59.269,6.698,41.509,35.506,33.72,428.598,88.486,35.693,33.964,71.307,374.873,63.204,44.063,304.4731,26.528,29.194,357.95,110.206,350.763,0,31.305,45.103,43.585,188.542,39.527,371.123,404.389,345.84,384.446,72.311,12.039,375.234,17.75,45.695,21.913,71.203,16.687,20.341,91.342,394.024,382.362,76.661,11.659,360.284,389.572,81.825,161.618,142.616,47.993,378.094,24.821,223.046,43.867,17.654,105.771,53.868,401.404,27.293,68.86,543.53,25.649,36.173,98.506,470.224,26.3,49.183,362.565,25.24,109.342,400.761,3.977,323.951,340.703,26.166,25.852,274.213,83.042,32.266,75.775,61.017,401.791,362.393,23.846,126.414,39.901,15.384,29.719,352.613,368.714,30.617,406.013
26.343,99.338,365.663,407.605,242.94,408.956,25.498,396.342,137.01,3.025,11.162,37.688,362.568,106.294,384.662,19.12,48.296,337.402,86.716,41.672,43.227,33.773,19.955,60.101,12.953,453.194,62.555,33.295,26.394,95.903,399.468,87.8,23.649,329.068,19.427,28.017,382.546,89.792,375.358,30.894,0,9.482,65.696,213.137,63.099,395.719,428.984,370.435,409.042,72.785,21.95,399.83,15.591,19.764,30.963,93.314,25.588,11.069,65.411,418.62,406.958,56.247,35.91,384.88,414.168,61.411,183.729,105.633,44.52,402.69,20.36,247.641,34.588,22.683,72.009,27.937,426,24.23,69.334,568.125,40.173,12.38,120.617,494.819,11.457,23.252,387.161,30.126,77.874,425.356,27.99,348.547,365.299,5.846,15.532,298.808,71.004,22.987,54.477,25.474,426.387,386.988,13.526,112.076,13.97,26.945,20.607,377.208,393.31,27.653,430.609
31.41,91.332,370.73,412.672,248.007,414.023,21.571,401.409,142.077,6.991,3.798,35.73,367.635,98.288,389.729,10.534,46.338,342.469,91.783,44.263,41.269,38.84,20.05,65.168,6.838,458.261,54.549,40.328,30.797,100.97,404.535,92.867,21.691,334.135,23.83,33.841,387.613,74.326,380.425,45.202,9.576,0,70.763,218.204,68.166,400.786,434.051,375.502,414.109,75.376,33.274,404.897,20.658,11.811,39.819,98.381,29.991,16.136,57.405,423.687,412.025,54.29,40.977,389.9471,419.235,59.454,188.796,97.627,46.736,407.757,25.462,252.708,34.607,27.785,64.003,19.931,431.067,26.842,71.925,573.1921,45.24,9.589,125.684,499.886,20.702,15.298,392.228,35.62,69.868,430.423,33.057,353.614,370.366,10.948,22.718,303.875,69.046,27.39,52.52,17.468,431.454,392.055,18.628,110.118,5.96,31.348,25.01,382.275,398.377,32.056,435.676
40.323,159.847,350.943,392.885,228.22,394.236,60.342,381.622,122.29,65.711,71.667,94.357,347.848,166.803,369.942,79.629,95.167,322.682,21.426,87.268,102.608,37.655,75.729,45.381,73.455,438.474,123.064,79.032,77.303,81.183,384.748,73.08,87.402,274.9121,69.867,50.408,367.826,153.545,360.638,43.561,65.883,70.642,0,198.417,18.372,380.999,414.264,355.715,394.322,115.65,53.189,385.11,52.327,78.275,40.845,28.024,58.064,54.918,125.92,403.9,392.238,120,34.146,370.16,399.448,125.164,118.44,166.142,91.332,387.97,52.253,232.921,87.206,52.2,132.518,88.446,411.28,52.569,112.199,553.405,37.492,70.393,55.327,480.099,54.432,82.95,372.441,44.495,138.383,410.636,47.101,333.827,350.579,60.744,61.181,284.088,126.381,75.605,119.114,85.983,411.667,372.268,58.725,169.753,74.479,58.723,73.058,362.488,378.59,73.956,415.889
182.548,302.516,196.063,238.005,41.828,214.218,205.948,226.742,73.186,208.38,214.336,234.562,166.75,309.472,215.062,222.298,235.372,136.291,189.747,227.473,242.813,178.07,218.756,150.568,210.967,283.594,265.733,219.237,217.508,161.311,198.248,168.77,227.607,186.939,210.072,196.014,212.946,293.75,205.758,183.824,208.552,213.311,192.807,0,174.275,226.119,225.379,200.835,239.442,209.245,195.017,230.23,194.996,222.942,186.451,190.696,199.892,197.588,268.589,219.552,237.358,260.205,173.451,196.324,244.568,265.369,166.223,308.811,231.537,233.09,197.859,46.529,227.411,194.869,275.187,231.115,225.453,198.175,215.266,373.386,183.098,213.42,217.999,300.081,197.101,226.43,217.561,190.101,281.052,221.751,187.682,164.94,195.699,203.413,203.099,97.696,266.5861,215.81,259.319,228.652,237.111,217.388,201.093,309.958,217.148,198.928,213.263,207.608,223.71,214.161,220.253
37.01,156.978,334.977,376.919,212.254,378.27,59.162,365.656,106.324,62.842,68.798,90.01,331.882,163.934,353.976,76.76,90.82,306.716,30.907,82.921,98.261,32.532,74.549,29.415,65.429,422.508,120.195,74.685,72.956,61.732,368.782,53.629,83.055,298.382,65.52,49.228,351.86,149.198,344.672,39.272,63.014,67.773,18.386,182.451,0,365.033,398.298,339.749,378.356,94.981,49.479,369.144,49.458,77.404,39.665,37.001,54.354,52.05,123.051,387.934,376.272,115.653,27.913,354.194,383.482,120.817,127.417,163.273,86.985,372.004,51.073,216.955,82.859,49.331,129.649,85.577,395.314,51.389,107.852,537.439,36.312,69.213,64.304,464.133,51.563,80.892,356.475,43.315,135.514,394.67,43.13,317.861,334.613,57.875,57.561,268.122,122.034,71.258,114.767,83.114,395.701,356.302,55.555,165.406,71.61,54.376,68.711,346.522,362.624,69.609,399.923
369.405,489.373,55.261,30.957,174.764,67.022,392.8051,21.932,271.544,395.237,401.193,421.419,51.938,496.3291,40.26,409.155,422.2291,79.699,376.604,414.33,429.67,364.927,405.613,337.425,397.824,68.274,452.59,406.094,404.365,351.263,66.926,358.722,414.464,109.398,396.929,382.871,33.161,480.6071,53.911,370.681,395.409,400.168,379.664,215.737,361.132,0,84.129,54.056,16.774,408.701,381.8741,21.32,381.8531,409.799,373.308,377.553,386.749,384.445,455.446,26.352,24.241,447.062,360.308,15.198,37.52,452.226,266.063,495.668,418.394,53.305,384.716,182.838,414.268,381.726,462.044,417.972,33.732,385.032,414.7221,195.058,369.955,400.277,328.284,152.591,383.958,413.287,28.741,376.958,467.909,80.501,374.539,51.327,33.157,390.27,389.956,119.442,453.4431,402.6671,446.176,415.509,34.119,58.226,387.95,496.815,404.005,385.785,400.12,55.802,25.935,401.0181,88.705
401.458,521.426,136.285,104.345,184.482,20.368,424.8581,98.078,291.269,427.29,433.246,453.472,66.041,528.3821,121.284,441.208,454.282,89.418,409.545,446.3831,461.723,396.98,437.666,369.478,429.877,110.819,484.643,438.147,436.418,383.316,28.658,390.775,446.517,195.237,428.982,414.924,112.489,512.66,134.935,402.734,427.462,432.221,411.717,225.455,393.185,84.796,0,135.08,74.535,427.329,413.9271,94.51,413.9061,441.8521,405.361,409.606,418.802,416.498,487.499,59.327,88.116,479.115,392.3611,75.618,110.908,484.2791,338.851,527.7211,450.447,122.828,416.769,192.556,446.321,413.7791,494.097,450.025,51.078,417.085,433.3501,173.103,402.008,432.33,404.239,84.488,416.011,445.34,108.401,409.011,499.962,5.291,406.592,84.896,105.75,422.323,422.009,129.161,485.4961,434.7201,478.229,447.562,76.098,127.677,420.003,528.868,436.058,417.838,432.173,136.826,102.08,433.0711,12.689
344.375,464.343,4.624,45.457,155.358,118.305,367.7751,43.012,246.514,370.207,376.163,396.3891,74.378,471.2991,19.076,384.125,397.1991,82.916,320.798,389.3001,404.64,339.897,380.583,312.3951,372.794,100.796,427.56,381.064,379.3351,326.233,111.278,333.692,389.4341,64.348,371.899,357.841,30.148,455.5771,7.115,345.651,370.379,375.138,354.634,196.331,336.102,54.734,135.412,0,68.057,383.6721,356.8441,47.397,356.8231,384.769,348.278,310.616,361.719,359.415,430.416,77.635,54.56,422.032,335.278,68.337,40.803,427.1961,221.013,470.638,393.364,26.782,359.686,163.432,389.2381,356.696,437.014,392.942,85.015,360.002,389.6931,246.341,344.925,375.247,283.234,203.874,358.928,388.257,35.36,351.928,442.879,131.784,349.5091,54.544,33.187,365.24,364.926,122.659,428.4131,377.6371,421.1461,390.479,85.402,20.165,362.92,471.7851,378.975,360.7551,375.09,9.188,39.981,375.9881,139.988
383.084,503.052,68.94,31.72,188.443,57.714,406.484,25.453,285.2231,408.916,414.872,435.0981,65.533,510.0081,53.939,422.834,435.9081,93.378,390.283,428.0091,443.349,378.606,419.292,351.104,411.503,48.362,466.269,419.773,418.044,364.942,69.642,372.401,428.143,123.077,410.608,396.55,39.864,494.2861,67.59,384.36,409.088,413.847,393.343,229.416,374.811,17.451,74.822,67.735,0,422.3801,395.553,21.885,395.532,423.478,386.987,391.2321,400.428,398.124,469.125,17.045,15.491,460.741,373.987,28.793,38.283,465.9051,279.742,509.347,432.073,50.203,398.395,196.517,427.9471,395.405,475.723,431.651,24.425,398.711,428.4011,185.75,383.634,413.956,341.963,143.283,397.637,426.966,35.776,390.637,481.588,71.193,388.218,65.006,46.836,403.949,403.635,133.121,467.1221,416.3461,459.855,429.188,14.527,55.052,401.629,510.494,417.684,399.4641,413.799,66.543,29.455,414.6971,79.397
81.626,142.865,378.435,420.376,243.158,415.548,94.485,409.113,134.924,76.371,80.352,47.448,368.08,148.608,397.433,78.751,37.003,337.621,136.478,34.877,54.425,78.571,92.803,78.552,81.933,465.9651,114.592,39.469,45.952,58.7,399.578,48.764,54.428,341.7901,53.537,97.921,395.317,113.124,388.13,72.301,72.61,75.702,115.458,213.355,95.183,408.4901,426.709,383.207,421.813,0,68.562,412.601,79.813,84.563,95.864,143.076,63.536,79.952,115.701,420.882,419.7291,85.047,83.532,397.6511,426.9391,84.743,233.491,145.534,39.568,415.4611,87.68,247.859,47.868,86.047,108.689,86.929,438.7711,93.217,6.796,574.716,97.736,84.683,170.379,501.411,76.625,88.051,399.9321,95.027,112.26,423.081,75.433,361.3181,378.0701,80.796,85.436,299.026,76.453,52.284,70.931,80.29,439.1581,399.76,83.43,111.664,77.017,64.892,56.74,389.98,406.0811,47.035,421.583
13.594,120.159,352.036,393.978,229.313,395.329,29.764,382.715,123.383,26.023,31.979,41.502,348.941,136.174,371.035,39.941,47.071,323.775,75.232,37.928,49.753,20.146,36.372,46.474,34.098,439.567,83.376,29.241,24.318,82.276,385.841,74.173,34.547,315.441,17.983,33.2,368.919,100.69,361.731,11.862,21.962,33.591,54.212,199.51,49.472,382.092,415.357,356.808,395.415,68.96,0,386.203,15.092,40.585,25.586,81.83,5.807,15.231,86.232,404.993,393.331,67.145,22.283,371.2531,400.541,72.309,172.245,133.1,40.466,389.063,22.959,234.014,34.351,18.643,96.255,48.758,412.373,28.496,65.509,554.498,30.104,31.036,109.133,481.192,11.904,44.073,373.534,30.306,99.826,411.729,7.401,334.92,351.672,21.056,20.715,285.181,73.526,22.75,66.259,46.295,412.76,373.361,18.709,115.447,34.791,4.452,20.203,363.581,379.683,23.599,416.982
374.13,494.098,46.068,14.315,179.489,77.448,397.53,5.086,276.269,399.962,405.918,426.144,75.886,501.054,32.091,413.88,426.954,84.424,382.217,419.0551,434.395,369.652,410.338,342.15,402.549,54.462,457.315,410.819,409.09,355.988,89.376,363.447,419.189,103.605,401.654,387.596,19.403,485.3321,47.282,375.406,400.134,404.893,384.389,220.462,365.857,21.853,94.555,47.427,21.711,413.426,386.599,0,386.578,414.524,378.033,382.278,391.474,389.17,460.171,36.778,8.226,451.787,365.033,35.456,20.878,456.951,260.269,500.393,423.119,32.798,389.441,187.563,418.993,386.451,466.769,422.697,44.158,389.757,419.4471,205.483,374.68,405.002,322.49,163.016,388.683,418.012,14.869,381.683,472.634,90.927,379.264,56.052,37.882,394.995,394.681,124.167,458.1681,407.3921,450.901,420.234,37.691,37.647,392.675,501.54,408.73,390.51,404.845,43.897,9.089,405.7431,99.131
13.256,110.557,352.576,394.518,229.853,395.869,15.671,383.255,123.923,16.421,22.377,51.873,349.481,117.513,371.575,30.339,58.423,324.315,73.629,51.9,57.412,20.686,24.505,47.014,22.231,440.107,73.774,43.664,35.67,82.816,386.381,74.713,37.834,315.981,29.335,18.232,369.459,93.551,362.271,17.807,16.593,21.352,52.609,200.05,50.012,382.632,415.897,357.348,395.955,80.282,15.703,386.743,0,27.051,17.051,80.227,17.159,4.299,76.63,405.5331,393.871,70.432,22.823,371.7931,401.0811,75.596,170.642,116.852,51.818,389.603,8.866,234.554,44.679,4.847,83.228,39.156,412.913,14.403,76.831,555.0381,27.086,19.169,107.53,481.732,6.292,34.471,374.074,16.214,89.093,412.269,14.903,335.46,352.212,11.454,7.268,285.721,83.854,33.078,68.662,36.693,413.3,373.901,4.314,126.799,25.189,16.737,30.698,364.121,380.223,34.951,417.522
41.027,86.349,380.347,422.289,257.624,423.64,21.035,411.026,151.694,16.608,9.927,45.055,377.252,93.305,399.346,7.366,55.663,352.086,99.344,53.588,50.594,48.457,7.671,74.785,9.273,467.878,49.566,49.653,41.27,110.587,414.152,102.484,31.016,343.752,34.303,33.305,397.23,69.343,390.042,55.675,20.049,12.037,78.325,227.821,77.783,410.403,443.668,385.119,423.726,84.701,39.042,414.514,27.233,0,39.283,105.942,40.464,25.753,52.423,433.304,421.642,63.615,50.594,399.5641,428.8521,68.779,196.358,92.644,56.061,417.374,28.978,262.325,43.932,32.721,59.02,17.3,440.684,26.306,81.25,582.8091,48.671,9.514,133.245,509.503,30.319,4.264,401.845,35.084,64.885,440.04,42.674,363.231,379.983,20.565,22.182,313.492,78.371,36.394,61.845,15.096,441.071,401.672,23.77,119.443,7.749,41.821,35.483,391.892,407.994,42.529,445.293
12.562,124.379,343.777,385.719,221.054,387.07,21.442,374.456,115.124,31.406,39.632,66.864,340.682,131.335,362.776,44.076,74.308,315.516,61.824,67.785,72.403,20.823,36.829,38.215,34.555,431.308,87.596,59.549,51.555,74.017,377.582,65.914,52.825,307.182,45.22,11.508,360.66,107.373,353.472,22.217,31.584,40.094,40.805,191.251,39.99,373.833,407.098,348.549,387.156,96.167,25.947,377.944,17.288,39.375,0,68.422,33.044,19.171,90.453,396.734,385.072,85.423,22.959,362.994,392.282,90.587,158.838,130.674,67.703,380.804,11.377,225.755,58.391,8.616,97.05,54.313,404.114,13.669,92.716,546.239,11.151,31.493,95.725,472.933,23.174,44.05,365.275,3.029,102.915,403.47,21.837,326.661,343.413,26.679,20.305,276.922,97.566,46.79,83.653,52.109,404.501,365.102,17.849,142.684,40.174,32.622,44.41,355.322,371.424,50.836,408.723
67.969,187.493,306.049,352.667,225.942,391.958,87.988,345.075,120.012,93.357,99.313,122.003,345.57,194.449,321.139,107.275,122.813,320.404,10.697,114.914,130.254,65.301,103.375,48.365,101.101,436.196,150.71,106.678,104.949,93.499,382.47,85.396,115.048,247.3,97.513,78.054,332.21,181.191,315.744,71.207,93.529,98.288,28.223,196.139,37.173,378.721,411.987,310.821,392.044,143.296,80.835,349.4601,79.973,105.921,68.491,0,85.71,82.564,153.566,401.622,389.96,147.646,61.792,367.882,348.0131,152.81,90.828,193.788,118.978,333.992,79.899,230.643,114.852,79.846,160.164,116.092,409.002,80.215,139.845,551.127,65.138,98.039,27.716,477.821,82.078,110.596,370.163,72.141,166.029,408.359,74.747,331.549,348.301,88.39,88.827,281.81,154.027,103.251,146.76,113.629,409.389,327.374,86.371,197.399,102.125,86.369,100.704,317.594,342.043,101.602,413.611
18.723,125.422,357.165,399.107,234.442,400.458,31.62,387.844,128.512,27.981,31.962,36.493,354.07,131.165,376.164,39.92,42.063,328.904,80.361,32.92,44.744,26.468,38.228,51.603,33.753,444.696,83.355,24.233,19.31,87.405,390.97,79.302,29.538,320.57,12.975,35.056,374.048,95.681,366.86,20.198,17.116,30.283,59.341,204.639,54.601,387.221,420.486,361.937,400.544,63.952,5.659,391.332,16.948,40.564,32.999,86.959,0,17.087,86.211,410.122,398.46,62.136,27.412,376.382,405.67,67.3,177.374,128.091,35.458,394.192,24.815,239.143,29.342,23.772,91.246,48.737,417.502,30.352,60.501,559.6271,35.233,32.892,114.262,486.321,13.76,44.052,378.663,32.162,94.817,416.858,12.53,340.049,356.801,22.912,22.571,290.31,68.517,17.741,61.25,46.492,417.889,378.49,20.565,110.439,34.77,1.709,15.194,368.71,384.812,18.591,422.111
15.489,105.256,354.81,396.752,232.087,398.103,17.761,385.489,126.157,11.12,17.076,46.572,351.715,112.212,373.809,25.038,57.18,326.549,75.862,51.41,52.111,22.92,23.512,49.248,13.707,442.341,68.473,43.174,35.18,85.05,388.615,76.947,32.533,318.2151,28.845,20.096,371.693,88.25,364.505,20.041,11.292,16.051,54.842,202.284,52.246,384.866,418.131,359.582,398.189,79.792,15.213,388.977,4.132,25.682,19.14,82.46,16.669,0,71.329,407.767,396.105,65.131,25.057,374.027,403.315,70.295,172.875,111.551,51.328,391.837,10.956,236.788,44.189,10.86,77.927,33.855,415.147,16.493,76.341,557.272,29.32,13.156,109.763,483.966,4.566,29.17,376.308,18.303,83.792,414.503,17.137,337.694,354.446,6.153,7.611,287.955,79.888,32.588,63.361,31.392,415.534,376.135,5.605,120.96,19.888,16.247,30.208,366.3549,382.457,34.461,419.756
86.463,34.191,425.783,467.725,303.06,469.076,71.996,456.462,197.13,62.044,55.363,74.012,422.688,41.147,444.782,51.275,81.941,397.522,146.836,83.657,66.632,93.893,58.558,120.221,60.782,513.314,3.86,88.351,79.071,156.023,459.588,147.92,70.567,389.188,79.739,84.266,442.666,18.895,435.478,101.111,65.485,57.429,125.816,273.257,123.219,455.839,489.104,430.555,469.162,117.876,86.186,459.95,75.711,52.674,90.244,153.434,85.9,71.189,0,478.7401,467.078,40.874,96.03,445.0001,474.2881,33.471,243.849,40.486,80.217,462.81,80.515,307.761,79.575,82.838,8.572,38.96,486.12,77.267,114.425,628.2451,100.293,60.475,180.737,554.9391,75.755,56.161,447.281,86.045,14.438,485.476,88.11,408.667,425.419,66.001,73.143,358.928,59.306,75.944,47.552,46.303,486.507,447.108,73.681,105.748,52.344,87.257,76.923,437.328,453.43,90.899,490.729
388.497,508.4651,79.142,47.202,178.748,42.176,417.13,40.935,290.636,414.329,420.285,440.511,53.079,515.4211,64.141,428.247,441.321,83.684,396.584,433.4221,448.762,384.019,424.705,356.517,416.916,53.677,471.682,425.186,423.457,370.355,54.104,377.814,433.556,133.279,416.021,401.963,55.346,499.6991,77.792,389.773,414.501,419.26,398.756,219.721,380.224,27.653,59.283,77.937,17.392,421.595,400.9661,37.368,400.9451,428.8911,392.4,396.6451,405.841,403.537,474.538,0,30.973,466.154,379.4001,38.995,53.765,471.3181,289.944,514.7601,437.486,65.685,403.808,186.822,433.36,400.8181,481.136,437.064,8.887,404.124,427.6161,170.212,389.047,419.369,352.165,127.745,403.05,432.379,51.258,396.05,487.001,55.655,393.631,71.934,57.038,409.362,409.048,123.427,472.5351,421.7591,465.268,434.601,18.956,70.534,407.042,515.9071,423.097,404.877,419.212,79.683,44.937,425.3431,63.859
380.875,500.843,52.718,18.004,186.234,71.431,404.275,11.737,283.014,406.707,412.663,432.8891,82.631,507.799,38.741,420.625,433.6991,91.169,388.962,425.8001,441.14,376.397,417.083,348.8951,409.294,48.893,464.06,417.564,415.8351,362.733,83.359,370.192,425.9341,110.255,408.399,394.341,26.148,492.0771,53.932,382.151,406.879,411.638,391.134,227.207,372.602,24.221,88.538,54.077,15.694,420.171,393.344,8.169,393.323,421.269,384.778,389.0231,398.219,395.915,466.916,30.761,0,458.532,371.778,35.563,24.567,463.6961,266.919,507.138,429.864,36.487,396.186,194.308,425.7381,393.196,473.514,429.442,38.141,396.502,426.192,199.466,381.425,411.747,329.14,156.999,395.4279,424.757,22.06,388.428,479.379,84.91,386.0091,62.797,44.627,401.74,401.426,130.912,464.9131,414.1371,457.6461,426.979,31.674,41.336,399.42,508.2851,415.475,397.2551,411.59,52.827,15.739,412.4881,93.114
80.48,65.513,417.929,459.87,295.206,461.222,79.873,448.607,189.276,55.796,59.777,37.906,414.834,71.256,436.927,58.176,45.835,389.668,141.393,54.092,30.526,83.486,72.228,112.367,61.358,505.459,37.24,50.157,50.527,122.344,451.734,112.409,33.853,381.334,51.751,82.392,434.811,35.772,427.624,77.216,56.581,55.127,120.373,265.403,116.388,447.984,481.25,422.701,461.307,85.205,67.416,452.095,69.966,63.988,85.338,147.991,62.207,65.444,38.349,470.885,459.223,0,88.447,437.1451,466.433,7.391,238.406,68.182,44.111,454.955,74.735,299.907,44.435,77.058,31.337,50.605,478.265,78.605,81.754,620.391,95.463,64.108,175.294,547.0851,70.01,67.476,439.426,84.501,34.908,477.622,74.287,400.812,417.564,60.221,69.907,351.074,26.702,47.383,11.446,59.715,478.652,439.254,67.901,99.207,56.442,63.564,48.362,429.474,445.575,52.705,482.874
11.983,130.392,330.282,372.224,207.559,373.575,34.518,360.961,101.629,36.256,42.212,62.647,327.187,137.348,349.281,50.174,63.457,302.021,55.024,55.558,70.898,5.945,46.632,24.72,38.843,417.813,93.609,47.322,45.593,60.522,364.087,52.419,55.692,293.687,38.157,30.184,347.165,121.835,339.977,11.851,36.428,41.187,34.004,177.756,27.718,360.338,393.603,335.054,373.661,83.94,22.893,364.449,22.872,50.818,22.903,61.622,27.768,25.463,96.465,383.239,371.577,88.29,0,349.4991,378.787,93.454,152.037,136.687,59.622,367.309,25.811,212.26,55.496,22.744,103.063,58.991,390.619,28.283,80.489,532.744,24.299,41.296,88.925,459.438,24.977,54.306,351.78,26.23,108.928,389.975,18.783,313.166,329.918,31.289,30.975,263.427,94.671,43.895,87.404,56.528,391.006,351.607,28.969,138.043,45.024,27.013,41.348,341.827,357.929,42.246,395.228
358.892,478.86,69.363,45.059,155.322,57.601,382.2921,36.034,261.031,384.724,390.68,410.906,38.425,485.8161,54.362,398.642,411.7161,60.257,366.979,403.817,419.157,354.414,395.1,326.912,387.311,80.088,442.077,395.581,393.852,340.75,51.169,348.209,403.951,123.5,386.416,372.358,47.263,470.0941,68.013,360.168,384.896,389.655,369.151,196.295,350.619,14.684,77.629,68.158,28.588,398.188,371.3611,35.422,371.3401,399.286,362.795,367.04,376.236,373.932,444.933,38.166,35.385,436.549,349.795,0,51.622,441.713,280.165,485.155,407.881,67.407,374.203,163.396,403.755,371.213,451.531,407.459,45.546,374.519,404.2091,206.872,359.442,389.764,342.386,143.464,373.445,402.774,42.843,366.445,457.396,74.001,364.026,32.468,33.557,379.757,379.443,100,442.9301,392.1541,435.663,404.996,45.933,72.328,377.437,486.302,393.492,375.272,389.607,69.904,40.037,390.5051,79.253
388.141,508.109,44.029,9.481,193.5,94.11,411.541,19.003,290.2801,413.973,419.929,440.1551,89.897,515.0651,39.101,427.891,440.9651,98.435,360.039,433.0661,448.406,383.663,424.349,356.161,416.56,58.321,471.326,424.83,423.101,369.999,106.038,377.458,433.2,103.59,415.665,401.607,31.139,499.3431,36.19,389.417,414.145,418.904,398.4,234.473,379.868,38.116,111.217,40.985,38.373,427.437,400.61,20.652,400.5891,428.535,392.044,349.857,405.485,403.181,474.182,53.44,24.888,465.798,379.044,51.719,0,470.9621,260.254,514.4041,437.13,16.882,403.452,201.574,433.0041,400.462,480.78,436.708,60.82,403.768,433.458,222.145,388.691,419.013,322.475,179.678,402.694,432.023,28.159,395.694,486.645,107.589,393.2751,70.063,51.893,409.006,408.692,138.178,472.1791,421.4031,464.912,434.245,54.353,21.731,406.686,515.5511,422.741,404.5211,418.856,33.222,22.379,419.7541,115.793
85.604,58.289,423.053,464.994,300.33,466.346,84.997,453.731,194.4,60.92,64.901,40.943,419.958,64.032,442.051,63.3,48.872,394.792,146.517,50.588,33.563,88.61,77.352,117.491,66.482,510.583,30.016,55.281,55.651,121.946,456.858,112.011,38.977,386.458,56.875,87.516,439.935,28.548,432.748,82.34,61.705,60.251,125.497,270.527,121.512,453.108,486.374,427.825,466.431,84.807,72.54,457.219,75.09,69.112,90.462,153.115,67.331,70.568,31.125,476.009,464.347,7.805,93.571,442.269,471.557,0,243.53,60.958,47.148,460.079,79.859,305.031,46.506,82.182,24.113,64.54,483.389,83.729,81.356,625.515,100.587,69.232,180.418,552.2091,75.134,72.6,444.55,89.625,27.684,482.746,79.411,405.936,422.688,65.345,75.031,356.198,26.236,52.507,14.483,64.839,483.776,444.378,73.025,74.547,61.566,68.688,53.486,434.598,450.699,57.829,487.998
158.576,278.1,216.591,263.209,168.181,320.693,178.595,255.618,123.68,183.964,189.92,212.61,274.304,285.056,231.682,197.882,213.42,245.965,101.303,205.521,220.861,155.908,193.982,138.972,191.708,313.401,241.317,197.285,195.556,172.716,311.204,176.003,205.655,157.843,188.12,168.661,242.753,271.798,226.287,161.814,184.136,188.895,118.83,166.077,127.78,266.434,340.721,221.364,279.756,233.903,171.442,260.0031,170.58,196.528,159.098,91.121,176.317,173.171,244.173,289.334,267.165,238.253,152.399,280.037,258.556,243.417,0,284.395,209.585,244.535,170.506,177.615,205.459,170.453,250.771,206.699,296.714,170.822,230.452,458.04,155.745,188.646,63.739,406.556,172.685,201.203,247.966,162.748,256.636,337.093,165.354,260.283,244.886,178.997,179.434,224.054,244.634,193.858,237.367,204.236,297.101,237.917,176.978,288.006,192.732,176.976,191.311,228.137,252.586,192.209,342.346
126.722,16.063,466.042,507.984,343.319,509.335,112.254,496.721,237.389,102.303,95.622,101.115,462.9471,17.019,485.041,91.534,109.044,437.781,187.095,110.76,93.735,134.152,98.816,160.48,101.041,553.5731,44.118,115.454,115.824,182.118,499.847,172.183,99.15,429.4471,117.048,124.524,482.925,34.518,475.737,142.513,105.744,97.688,166.075,313.516,163.478,496.098,529.363,470.814,509.421,144.979,132.713,500.209,115.97,92.932,130.502,193.693,127.504,111.448,40.353,518.999,507.337,67.978,136.289,485.2591,514.5471,60.574,284.108,0,107.32,503.069,120.774,348.0201,106.678,123.097,43.91,79.218,526.3791,117.525,141.528,668.504,140.552,100.733,220.996,595.1981,116.014,96.419,487.54,126.303,37.272,525.7349,139.584,448.926,465.678,106.26,113.401,399.187,86.409,112.68,74.655,86.562,526.7661,487.367,113.94,132.851,92.603,128.861,113.659,477.587,493.689,118.002,530.9881
53.284,105.125,388.595,430.536,265.872,431.888,66.181,419.273,159.942,46.777,50.758,8.81,385.5,110.868,407.593,50.114,5.156,360.334,112.059,3.745,16.685,54.152,64.166,83.033,53.296,476.125,76.852,15.611,17.427,74.181,422.4,64.246,25.791,352,25.012,69.617,405.477,75.384,398.29,47.882,44.583,47.065,91.039,236.069,87.054,418.65,451.916,393.367,431.973,37.042,40.22,422.761,51.509,55.926,67.56,118.657,35.011,51.648,77.961,441.551,429.889,44.074,59.113,407.811,437.099,47.003,209.072,107.794,0,425.621,59.376,270.573,10.389,58.333,70.949,58.292,448.931,64.913,33.591,591.057,69.794,56.046,145.96,517.7511,48.321,59.414,410.092,66.723,74.52,448.288,47.091,371.478,388.23,52.159,57.132,321.74,43.416,23.646,33.191,51.653,449.318,409.92,55.126,78.626,48.38,36.367,28.102,400.14,416.241,18.51,453.54
376.788,496.756,29.656,21.727,182.147,106.356,400.188,30.407,278.9271,402.62,408.576,428.8021,78.544,503.7121,25.946,416.538,429.6121,87.082,344.033,421.7131,437.053,372.31,412.996,344.808,405.207,75.84,459.973,413.477,411.748,358.646,115.444,366.105,421.847,87.583,404.312,390.254,16.838,487.9901,21.817,378.064,402.792,407.551,387.047,223.12,368.515,54.12,123.463,26.611,50.619,416.084,389.257,32.898,389.2361,417.182,380.691,333.851,394.132,391.828,462.829,65.686,37.134,454.445,367.691,67.723,17.073,459.6091,244.248,503.051,425.777,0,392.099,190.221,421.6511,389.109,469.427,425.355,73.066,392.415,422.1051,234.391,377.338,407.66,306.469,191.924,391.341,420.67,22.755,384.341,475.292,119.835,381.9221,58.71,40.54,397.653,397.339,126.825,460.8261,410.0501,453.5591,422.892,66.599,7.358,395.333,504.1981,411.388,393.1681,407.503,18.849,27.375,408.4011,128.039
15.916,114.552,355.931,397.873,233.208,399.224,11.546,386.61,127.278,20.416,26.372,55.874,352.836,121.508,374.93,34.334,66.482,327.67,73.978,59.325,61.413,24.177,27.034,50.369,24.76,443.462,77.769,51.089,43.095,86.171,389.736,78.068,41.835,319.336,36.76,10.648,372.814,97.546,365.626,21.818,20.594,25.347,52.959,203.405,52.144,385.987,419.252,360.703,399.31,87.707,23.024,390.098,9.108,29.58,12.102,80.576,24.584,10.711,80.625,408.888,397.226,74.433,26.313,375.148,404.436,79.597,170.992,120.847,59.243,392.958,0,237.909,54.75,5.219,87.223,43.151,416.268,6.646,84.256,558.3931,23.305,21.698,107.879,485.087,14.714,34.255,377.429,11.265,93.088,415.624,18.914,338.815,355.567,15.689,8.651,289.076,89.19,40.503,72.663,40.688,416.655,377.256,7.816,130.262,29.184,24.162,38.123,367.476,383.578,42.376,420.877
226.889,346.857,158.638,195.35,10.109,181.467,250.289,184.087,117.526,252.721,258.677,278.903,133.999,353.813,172.407,266.639,279.713,103.54,234.976,271.8141,287.154,222.411,263.097,194.909,255.308,240.939,310.074,263.578,261.849,205.652,165.497,213.111,271.948,149.514,254.413,240.355,170.291,338.091,168.333,228.165,252.893,257.652,237.148,51.712,218.616,183.464,192.628,163.41,196.787,253.586,239.358,187.575,239.337,267.283,230.792,235.037,244.233,241.929,312.93,186.801,194.703,304.546,217.792,163.574,201.913,309.71,177.734,353.152,275.878,190.435,242.2,0,271.752,239.21,319.528,275.456,192.702,242.516,259.607,340.635,227.439,257.761,262.3401,267.33,241.442,270.771,174.906,234.442,325.393,189,232.023,132.19,153.044,247.754,247.44,64.945,310.9271,260.151,303.66,272.993,204.36,179.963,245.434,354.299,261.489,243.269,257.604,170.183,181.055,258.502,187.502
47.988,104.39,385.437,427.378,262.714,428.73,59.835,416.115,156.784,35.838,39.819,7.699,382.342,110.133,404.435,38.218,17.114,357.176,108.901,9.268,15.95,50.994,52.27,79.875,41.4,472.967,76.117,11.254,11.658,85.611,419.242,75.676,13.895,348.842,19.277,62.434,402.319,74.649,395.132,44.724,35.39,35.169,87.881,232.911,83.896,415.492,448.758,390.209,428.815,48.472,34.924,419.603,45.163,44.03,61.214,115.499,29.715,45.486,77.226,438.393,426.731,44.514,55.955,404.653,433.941,46.268,205.914,107.059,10.36,422.463,53.03,267.415,0,51.355,70.214,46.396,445.773,58.567,45.021,587.899,63.044,44.15,142.802,514.5931,38.15,47.518,406.934,60.377,73.785,445.13,41.795,368.32,385.072,40.263,49.949,318.582,39.723,15.064,32.456,39.757,446.16,406.762,47.943,80.795,36.484,31.072,19.52,396.982,413.083,14.315,450.382
8.173,115.434,352.456,394.398,229.733,395.749,15.193,383.135,123.803,21.298,27.254,57.933,349.3611,122.39,371.455,35.216,65.035,324.195,74.34,55.892,66.184,20.566,30.331,46.894,28.057,439.987,78.651,47.205,42.282,82.696,386.261,74.593,44.558,315.8611,35.947,15.451,369.339,98.428,362.151,17.691,23.317,26.229,53.321,199.93,49.892,382.512,415.777,357.228,395.835,86.415,18.896,386.623,4.853,32.877,12.464,80.938,23.771,10.904,81.507,405.4131,393.751,77.156,22.703,371.6731,400.9611,82.32,171.354,121.729,58.43,389.483,5.218,234.434,50.782,0,88.105,44.033,412.793,13.55,82.964,554.918,23.667,24.995,108.241,481.612,14.907,37.552,373.954,11.627,93.97,412.149,14.786,335.34,352.092,18.412,12.039,285.601,89.957,39.181,75.386,41.57,413.1801,373.781,9.582,131.029,30.066,22.87,36.801,364.001,380.103,41.563,417.402
93.211,41.815,432.531,474.473,309.808,475.824,78.743,463.21,203.878,68.792,62.111,65.053,429.436,47.558,451.53,58.023,72.982,404.27,153.584,74.698,57.673,100.641,65.305,126.969,67.53,520.062,10.607,79.392,79.762,146.056,466.336,136.121,63.088,395.9361,80.986,91.013,449.414,12.212,442.226,106.451,72.233,64.177,132.564,280.005,129.967,462.587,495.852,437.303,475.91,108.917,96.651,466.698,82.459,59.421,96.991,160.182,91.442,77.937,8.597,485.488,473.826,31.915,102.778,451.748,481.036,24.512,250.597,44.484,71.258,469.558,87.263,314.509,70.616,89.586,0,45.707,492.868,84.014,105.466,634.993,107.041,67.222,187.485,561.6871,82.503,62.908,454.029,92.792,7.754,492.224,94.858,415.415,432.167,72.749,79.89,365.676,50.347,76.618,38.593,53.051,493.255,453.856,80.429,96.789,59.092,92.799,77.597,444.076,460.178,81.94,497.477
48.915,73.357,388.235,430.177,265.512,431.528,35.79,418.914,159.582,24.496,17.815,47.058,385.14,80.313,407.234,13.727,57.666,359.974,109.288,55.59,52.597,56.345,25.488,82.673,23.234,475.766,36.574,51.655,41.523,118.475,422.04,110.372,33.019,351.64,42.191,48.06,405.118,56.351,397.93,63.563,27.937,19.881,88.268,235.709,85.671,418.291,451.556,393.007,431.614,86.703,48.638,422.402,38.163,17.248,54.038,115.886,48.352,33.641,39.431,441.192,429.53,50.267,58.482,407.4521,436.7401,65.504,206.301,79.652,58.063,425.262,42.967,270.213,45.934,45.29,46.028,0,448.572,41.061,83.252,590.697,62.745,24.269,143.189,517.3911,38.207,20.736,409.733,49.839,51.893,447.928,50.562,371.119,387.871,28.453,36.937,321.38,80.374,38.396,48.497,7.043,448.959,409.56,36.133,121.446,14.796,49.709,39.375,399.78,415.882,44.018,453.181
400.02,519.988,85.876,53.936,184.68,34.263,423.42,47.669,302.1591,425.852,431.808,452.0341,59.011,526.944,70.875,439.77,452.8441,89.616,408.107,444.9451,460.285,395.542,436.228,368.04,428.439,60.411,483.205,436.709,434.98,381.878,46.191,389.337,445.079,140.013,427.544,413.486,62.08,511.2221,84.526,401.296,426.024,430.783,410.279,225.653,391.747,34.387,51.37,84.671,24.126,439.316,412.489,44.101,412.468,440.414,403.923,408.1681,417.364,415.06,486.061,8.918,37.707,477.677,390.923,45.729,60.499,482.8411,296.678,526.283,449.009,72.419,415.331,192.754,444.8831,412.341,492.659,448.587,0,415.647,445.3371,162.298,400.57,430.892,358.899,119.831,414.573,443.902,57.992,407.573,498.524,47.742,405.1541,81.942,63.772,420.885,420.571,129.359,484.0581,433.2821,476.791,446.124,25.69,77.268,418.565,527.4301,434.62,416.4001,430.735,86.417,51.671,431.6331,55.946
17.545,111.035,355.55,397.492,232.827,398.843,8.098,386.229,126.897,23.814,26.288,59.272,352.455,117.991,374.549,30.732,69.88,327.289,73.597,64.613,64.811,25.806,23.485,49.988,21.211,443.081,74.252,56.377,48.383,85.79,389.355,77.687,45.233,318.955,42.048,4.709,372.433,94.029,365.245,27.2,23.992,26.75,52.578,203.024,51.763,385.606,418.871,360.322,398.929,92.995,28.903,389.717,14.116,26.031,13.536,80.195,29.872,15.999,77.109,408.507,396.845,77.831,27.942,374.7671,404.0551,82.995,170.611,117.33,64.531,392.577,6.631,237.528,58.148,13.684,83.706,40.969,415.887,0,89.544,558.012,22.924,18.149,107.498,484.706,20.002,30.706,377.048,9.337,89.571,415.243,24.793,338.434,355.186,19.087,9.092,288.695,92.588,45.791,76.061,38.765,416.274,376.875,11.214,133.66,29.098,29.45,43.411,367.095,383.197,47.664,420.496
78.674,139.913,385.118,427.059,249.841,422.231,91.533,415.796,141.607,73.419,77.4,44.496,374.763,145.656,404.116,75.799,34.051,344.304,133.526,31.925,51.473,75.619,89.851,80.564,78.981,472.648,111.64,36.517,43,60.712,406.261,50.776,51.476,348.4731,50.585,94.969,402,110.172,394.813,69.349,69.658,72.75,112.506,220.038,108.521,415.173,433.392,389.89,428.496,6.795,65.61,419.284,76.861,81.611,92.912,140.124,60.584,77,112.749,427.565,426.412,82.095,80.58,404.3341,433.6221,81.791,230.539,142.582,36.616,422.144,84.728,254.542,44.916,83.095,105.737,83.977,445.454,90.265,0,581.399,94.784,81.731,167.427,508.094,73.673,85.099,406.6151,92.075,109.308,429.7641,72.481,368.001,384.7531,77.844,82.484,305.709,73.501,49.332,67.979,77.338,445.8411,406.443,80.478,108.712,74.065,61.94,53.788,396.663,412.764,44.083,428.2661
542.3411,662.309,247.25,215.31,332.593,159.424,565.7411,209.043,444.48,568.1731,574.1291,594.355,206.924,669.2651,232.249,582.0911,595.165,237.529,550.428,587.266,602.606,537.8631,578.549,510.361,570.7601,221.785,625.5261,579.03,577.3011,524.199,173.787,531.658,587.4001,301.387,569.8651,555.8071,223.454,653.543,245.9,543.6171,568.345,573.104,552.6,373.566,534.0681,195.761,173.673,246.045,185.5,575.44,554.81,205.476,554.789,582.735,546.244,550.4891,559.6851,557.381,628.3821,170.292,199.081,619.998,533.2441,207.103,221.873,625.162,458.052,668.6041,591.33,233.793,557.6521,340.667,587.204,554.662,634.9801,590.9081,162.043,557.968,581.4611,0,542.8911,573.213,520.2731,71.499,556.894,586.2231,219.366,549.8942,640.8451,170.045,547.4751,225.779,225.146,563.2061,562.892,277.272,626.379,575.603,619.112,588.4451,187.064,238.642,560.886,669.751,576.941,558.7211,573.056,247.791,213.045,573.954,183.542
15.826,133.885,340.222,382.164,217.499,383.515,30.31,370.901,111.569,39.749,45.705,69.054,337.127,140.841,359.221,53.667,75.778,311.961,46.504,69.154,77.305,27.071,45.697,34.66,43.423,427.753,97.102,60.918,53.025,70.462,374.027,62.359,62.074,303.627,46.69,20.376,357.105,116.879,349.917,25.481,39.921,44.68,37.25,187.696,36.435,370.278,403.543,344.994,383.601,97.536,29.639,374.389,26.365,48.243,10.813,64.867,34.514,28.956,99.958,393.179,381.517,94.672,23.562,359.4391,388.7271,99.836,155.283,140.18,69.173,377.249,22.221,222.2,61.903,21.356,106.556,62.484,400.559,22.537,94.085,542.684,0,40.361,92.17,469.3781,28.47,52.918,361.72,14.463,112.421,399.915,25.529,323.106,339.858,34.782,31.149,273.367,101.078,50.302,93.811,60.021,400.946,361.547,28.693,142.15,48.517,33.991,47.922,351.767,367.869,52.306,405.168
31.636,94.771,370.956,412.898,248.233,414.249,13.322,401.635,142.303,13.299,9.09,45.105,367.861,101.727,389.955,14.468,55.713,342.695,91.631,53.638,50.644,39.066,7.841,65.394,4.013,458.487,57.988,44.842,37.941,101.196,404.761,93.093,31.066,334.3611,30.974,25.592,387.839,77.765,380.651,36.187,12.288,9.552,70.612,218.43,69.797,401.012,434.277,375.728,414.335,84.751,31.329,405.123,19.52,9.767,31.57,98.229,32.785,13.146,60.845,423.9131,412.251,63.665,41.203,390.1731,419.4611,68.829,188.645,101.066,56.111,407.983,21.265,252.934,43.982,25.008,67.442,25.867,431.293,18.593,81.3,573.418,40.958,0,125.532,500.112,22.915,12.055,392.454,27.371,73.307,430.649,33.283,353.84,370.592,7.348,14.469,304.101,78.421,34.534,61.895,23.404,431.6801,392.281,16.057,119.493,11.9,32.363,32.154,382.501,398.603,39.2,435.902
95.033,214.557,279.822,326.44,253.006,387.179,115.052,318.848,147.076,120.421,126.377,149.067,340.79,221.513,294.912,134.339,149.877,312.451,37.76,141.978,157.318,92.365,130.439,75.429,128.165,376.631,177.774,133.742,132.013,120.563,377.69,112.46,142.112,221.073,124.577,105.118,305.983,208.255,289.517,98.271,120.593,125.352,55.287,223.203,64.237,329.664,407.207,284.594,342.986,170.36,107.899,323.233,107.037,132.985,95.555,27.578,112.774,109.628,180.63,352.564,330.395,174.71,88.856,343.267,321.7861,179.874,64.601,220.852,146.042,307.765,106.963,257.707,141.916,106.91,187.228,143.156,359.944,107.279,166.909,521.27,92.202,125.103,0,473.042,109.142,137.66,311.196,99.205,193.093,403.579,101.811,326.769,308.116,115.454,115.891,308.874,181.091,130.315,173.824,140.693,360.331,301.147,113.435,224.463,129.189,113.433,127.768,291.367,315.816,128.666,408.831
469.03,588.998,205.288,173.348,259.282,86.113,492.4301,167.081,371.1691,494.862,500.818,521.044,133.613,595.954,190.287,508.78,521.854,164.218,477.117,513.955,529.295,464.552,505.238,437.05,497.449,179.823,552.215,505.719,503.99,450.888,100.476,458.347,514.0891,262.809,496.554,482.496,181.492,580.2319,203.938,470.306,495.034,499.793,479.289,300.255,460.757,153.799,85.824,204.083,143.538,502.129,481.4991,163.514,481.4781,509.424,472.933,477.178,486.374,484.07,555.071,128.33,157.119,546.687,459.933,143.191,179.911,551.851,406.4241,595.293,518.019,191.831,484.341,267.356,513.893,481.351,561.6691,517.597,120.081,484.657,508.1501,70.871,469.58,499.902,471.812,0,483.583,512.912,177.404,476.583,567.5341,96.735,474.164,152.468,173.322,489.895,489.581,203.961,553.0681,502.2921,545.801,515.134,145.102,196.68,487.575,596.4401,503.63,485.41,499.745,205.829,171.083,500.6431,95.184
17.295,109.122,356.616,398.558,233.893,399.909,21.748,387.295,127.963,14.986,20.942,43.351,353.521,116.078,375.615,28.904,54.669,328.355,77.668,48.146,51.602,24.726,28.356,51.054,17.573,444.147,72.339,39.91,31.916,86.856,390.421,78.753,36.399,320.021,25.581,25.184,373.499,92.116,366.311,26.372,11.458,19.917,56.648,204.09,54.052,386.672,419.937,361.388,399.9951,76.528,11.949,390.783,7.076,29.548,23.127,84.266,13.405,4.513,75.195,409.5731,397.911,68.997,26.863,375.8331,405.1211,74.161,174.681,115.417,48.064,393.643,14.943,238.594,36.2,14.847,81.793,37.721,416.953,20.48,73.077,559.078,31.126,23.02,111.569,485.772,0,33.036,378.114,22.29,87.658,416.3091,13.864,339.5,356.252,10.019,12.699,289.761,75.375,24.599,68.108,35.258,417.3401,377.941,10.693,116.447,23.754,12.983,22.219,368.161,384.263,31.197,421.562
44.415,87.679,383.735,425.677,261.012,427.028,19.712,414.414,155.082,19.996,13.315,48.443,380.64,94.635,402.734,10.755,59.051,355.474,104.054,56.976,53.982,51.845,5.428,78.173,18.734,471.266,50.896,53.041,44.658,113.975,417.54,105.872,34.404,347.14,37.691,38.015,400.618,70.673,393.43,59.063,23.437,15.425,83.035,231.209,81.171,413.791,447.056,388.507,427.114,88.089,44.138,417.902,31.943,3.862,43.993,110.652,43.852,29.141,53.753,436.692,425.03,67.003,53.982,402.9521,432.2401,72.167,201.068,93.974,59.449,420.762,33.688,265.713,47.32,37.431,60.35,20.688,444.072,31.016,84.638,586.1971,53.381,14.224,137.955,512.891,33.707,0,405.233,39.794,66.215,443.428,46.062,366.619,383.371,23.953,26.892,316.88,81.759,39.782,65.233,18.484,444.459,405.06,28.48,122.831,11.138,45.209,38.871,395.28,411.382,45.917,448.681
361.398,481.366,34.229,21.582,166.757,91.089,384.798,10.319,263.537,387.23,393.186,413.412,63.154,488.3221,20.251,401.148,414.222,71.692,369.485,406.3231,421.663,356.92,397.606,329.418,389.817,68.103,444.583,398.087,396.358,343.256,100.054,350.715,406.457,91.765,388.922,374.864,6.672,472.6001,35.443,362.674,387.402,392.161,371.657,207.73,353.125,28.79,108.196,35.588,35.352,400.694,373.867,14.704,373.846,401.792,365.301,369.5461,378.742,376.438,447.439,50.419,21.867,439.055,352.301,42.393,28.145,444.2191,248.429,487.661,410.387,23.049,376.709,174.831,406.261,373.719,454.037,409.965,57.799,377.025,406.7151,219.124,361.948,392.27,310.65,176.657,375.951,405.28,0,368.951,459.902,104.568,366.532,43.32,25.15,382.263,381.949,111.435,445.4361,394.6601,438.169,407.502,51.332,27.97,379.943,488.808,395.998,377.778,392.113,32.058,7.287,393.0111,112.772
15.127,120.09,347.075,389.017,224.352,390.368,17.153,377.754,118.422,29.756,35.343,65.214,343.98,127.046,366.074,39.787,72.658,318.814,65.122,66.135,70.753,23.388,32.54,41.513,30.266,434.606,83.307,57.899,49.905,77.315,380.88,69.212,51.175,310.48,43.57,7.218,363.958,103.084,356.77,24.782,29.934,35.805,44.103,194.549,43.288,377.131,410.396,351.847,390.454,94.517,29.938,381.242,15.638,35.086,3.142,71.72,31.394,17.521,86.164,400.032,388.37,83.773,25.524,366.2921,395.58,88.937,162.136,126.385,66.053,384.102,9.727,229.053,58.914,11.373,92.761,50.024,407.412,9.38,91.066,549.537,14.449,27.204,99.023,476.231,21.524,39.761,368.573,0,98.626,406.768,26.089,329.959,346.711,25.029,18.655,280.22,98.089,47.313,82.003,47.82,407.799,368.4,16.199,141.034,38.153,30.972,44.933,358.62,374.722,49.186,412.021
98.483,34.878,437.803,479.745,315.08,481.096,84.015,468.482,209.15,74.064,67.383,68.287,434.708,40.621,456.802,63.295,76.216,409.542,158.856,77.932,60.907,115.955,70.577,132.241,72.802,525.334,15.879,82.626,82.996,149.29,471.608,139.355,66.322,401.208,84.22,96.285,454.686,5.275,447.498,109.685,77.505,69.449,137.836,285.277,135.239,467.859,501.124,442.575,481.182,112.151,99.885,471.97,87.731,64.693,102.263,165.454,94.676,83.209,13.869,490.76,479.098,35.149,108.05,457.0201,486.308,27.745,255.869,37.547,74.492,474.83,92.535,319.781,73.85,94.858,7.326,50.979,498.14,89.286,108.7,640.2651,112.313,72.494,192.757,566.959,87.775,68.18,459.301,98.064,0,497.496,106.756,420.687,437.439,78.021,85.162,370.948,53.581,79.852,41.827,58.323,498.527,459.128,85.701,100.022,64.364,96.033,80.831,449.348,465.45,85.174,502.749
398.314,518.282,133.14,101.2,181.338,17.224,421.7141,94.933,288.125,424.146,430.102,450.328,62.897,525.2381,118.139,438.064,451.1381,86.274,405.513,443.239,458.579,393.836,434.522,366.334,426.733,107.675,481.499,435.003,433.274,380.172,25.514,387.631,443.373,192.093,425.838,411.78,109.344,509.5161,131.79,399.59,424.318,429.077,408.573,222.311,390.041,81.651,7.819,131.935,71.39,424.1851,410.7831,91.366,410.7621,438.708,402.217,406.462,415.658,413.354,484.355,56.182,84.971,475.971,389.217,72.474,107.763,481.135,335.707,524.5771,447.303,119.683,413.625,189.412,443.177,410.635,490.953,446.881,47.934,413.941,430.2061,169.959,398.864,429.186,401.095,96.654,412.867,442.196,105.256,405.867,496.818,0,403.448,81.752,102.606,419.179,418.865,126.017,482.3521,431.576,475.085,444.418,72.954,124.532,416.859,525.7241,432.914,414.694,429.029,133.681,98.935,429.9271,8.116
9.456,122.12,344.916,386.857,222.193,388.209,26.28,375.594,116.263,27.984,33.94,48.406,341.821,129.076,363.914,41.902,53.975,316.655,71.094,44.832,56.657,10.166,38.36,39.354,30.571,432.446,85.337,36.145,31.222,75.155,378.721,67.052,41.451,308.321,24.887,28.729,361.798,107.594,354.611,3.976,28.156,32.915,50.074,192.39,45.334,374.971,408.237,349.688,388.294,75.864,7.836,379.082,14.601,42.546,21.448,77.692,12.711,17.192,88.193,397.872,386.21,74.049,18.145,364.132,393.42,79.213,168.107,128.415,47.37,381.942,19.474,226.894,41.255,14.505,94.791,50.719,405.252,25.011,72.413,547.378,25.966,33.024,104.995,474.072,13.757,46.034,366.413,24.775,106.73,404.609,0,327.799,344.551,23.017,22.703,278.061,80.43,29.654,73.163,48.256,405.639,366.241,20.697,122.351,36.752,12.376,27.107,356.461,372.562,30.503,409.861
325.425,445.393,55.788,63.73,123.965,66.752,348.825,52.467,227.565,351.257,357.213,377.4391,20.363,452.3491,40.787,365.175,378.2491,28.9,333.512,370.3501,385.69,320.947,361.633,293.445,353.844,109.319,408.61,362.114,360.385,307.283,57.263,314.742,370.484,119.204,352.949,338.891,38.671,436.6271,54.438,326.701,351.429,356.188,335.684,164.938,317.152,51.844,86.78,54.583,65.167,364.722,337.894,55.955,337.873,365.819,329.328,333.573,342.769,340.465,411.466,72.086,63.083,403.082,316.328,32.392,70.293,408.2461,262.819,451.688,374.414,58.815,340.736,132.039,370.2881,337.746,418.064,373.992,82.125,341.052,370.7431,225.92,325.975,356.297,328.206,152.615,339.978,369.307,43.286,332.978,423.929,83.152,330.5591,0,21.424,346.29,345.976,68.643,409.4631,358.6871,402.196,371.529,82.512,63.736,343.97,452.8351,360.025,341.8051,356.14,56.329,49.435,357.0381,88.404
339.216,459.184,34.268,45.584,144.575,87.361,362.616,34.321,241.355,365.048,371.004,391.23,40.972,466.14,19.267,378.966,392.04,49.51,347.303,384.1411,399.481,334.738,375.424,307.236,367.635,91.173,422.401,375.905,374.176,321.074,77.872,328.533,384.275,88.405,366.74,352.682,20.525,450.4181,32.918,340.492,365.22,369.979,349.475,185.548,330.943,33.698,107.389,33.063,47.021,378.512,351.685,37.809,351.664,379.61,343.119,347.364,356.56,354.256,425.257,56.599,44.937,416.873,330.119,33.552,52.147,422.037,245.07,465.479,388.205,40.669,354.527,152.649,384.079,351.537,431.855,387.783,63.979,354.843,384.5331,225.305,339.766,370.088,307.291,173.224,353.769,383.098,25.14,346.769,437.72,103.761,344.35,21.138,0,360.081,359.767,89.253,423.2541,372.4781,415.987,385.32,64.366,45.59,357.761,466.626,373.816,355.596,369.931,34.809,31.289,370.8291,109.014
21.072,99.839,360.392,402.334,237.669,403.685,20.564,391.071,131.739,5.703,11.659,41.154,357.297,106.795,379.391,19.621,51.762,332.131,81.445,49.686,46.693,28.502,14.996,54.83,8.29,447.923,63.056,39.792,32.891,90.632,394.197,82.529,27.115,323.797,25.924,23.083,377.275,82.833,370.087,25.623,5.874,10.634,60.425,207.866,57.828,390.448,423.713,365.164,403.771,80.799,20.795,394.559,10.32,20.265,26.029,88.043,22.251,5.798,65.912,413.349,401.687,59.713,30.639,379.609,408.897,64.877,178.458,106.134,52.159,397.419,15.426,242.37,40.03,17.749,72.51,28.438,420.729,19.296,77.348,562.854,34.902,7.422,115.346,489.548,10.364,23.753,381.89,25.192,78.375,420.0851,22.719,343.276,360.028,0,10.598,293.537,74.47,29.484,57.943,25.975,421.116,381.717,8.592,115.542,14.471,21.829,27.104,371.937,388.039,34.15,425.338
21.445,109.481,360.765,402.707,238.042,404.058,10.881,391.444,132.112,15.345,21.301,50.803,357.67,116.437,379.764,26.865,61.411,332.504,82.15,57.335,56.342,28.875,16.708,55.203,17.344,448.296,72.698,49.099,41.105,91.005,394.57,82.902,36.764,324.17,34.77,16.372,377.648,92.475,370.46,26.007,15.523,20.276,61.131,208.239,58.201,390.821,424.086,365.537,404.144,85.717,21.138,394.932,7.26,22.164,20.274,88.748,22.594,7.881,75.554,413.722,402.06,69.362,31.012,379.9821,409.2701,74.526,179.164,115.776,57.253,397.792,8.715,242.743,49.679,11.994,82.152,38.08,421.102,11.341,82.266,563.2271,31.477,14.282,116.051,489.921,12.724,26.839,382.263,19.437,88.017,420.458,23.103,343.649,360.401,10.618,0,293.91,84.119,38.513,67.592,35.617,421.489,382.09,2.674,125.191,24.113,22.172,36.133,372.31,388.412,40.386,425.711
273.102,393.07,115.879,131.472,56.952,117.59,296.502,120.209,163.739,298.934,304.89,325.116,70.122,400.026,108.529,312.852,325.926,39.662,281.189,318.027,333.367,268.624,309.31,241.122,301.521,177.061,356.287,309.791,308.062,251.865,101.619,259.324,318.161,106.755,300.626,286.568,106.413,384.304,122.18,274.378,299.106,303.865,283.361,97.926,264.829,119.586,128.75,122.325,132.909,299.799,285.571,123.697,285.55,313.496,277.005,281.25,290.446,288.142,359.143,122.924,130.825,350.759,264.005,99.696,138.035,355.923,223.944,399.365,322.091,126.557,288.413,65.026,317.965,285.423,365.741,321.669,128.825,288.729,305.82,276.758,273.652,303.974,308.553,203.453,287.655,316.984,111.028,280.655,371.606,125.122,278.236,68.312,89.166,293.967,293.653,0,357.1401,306.364,349.873,319.206,140.483,131.478,291.647,400.512,307.702,289.482,303.817,124.071,117.177,304.7151,123.624
86.592,84.378,424.041,465.982,301.318,467.334,89.367,454.719,195.388,65.29,69.271,34.413,420.946,90.121,443.039,67.67,40.24,395.78,147.505,47.24,27.631,89.598,81.723,118.479,70.853,511.571,56.105,55.498,52.281,113.314,457.846,103.379,47.641,387.446,57.881,91.886,440.923,54.637,433.736,83.328,66.076,64.622,126.485,271.515,122.5,454.096,487.362,428.813,467.419,76.175,73.528,458.207,83.767,73.483,94.832,154.103,68.319,74.938,57.214,476.997,465.335,26.987,94.559,443.257,472.545,26.255,244.518,87.047,43.411,461.067,84.229,306.019,39.976,89.959,50.202,64.393,484.377,88.099,72.724,626.503,101.648,73.603,181.406,553.1971,76.754,76.971,445.538,93.995,53.772,483.734,80.399,406.924,423.676,69.715,79.401,357.186,0,53.668,15.985,69.209,484.764,445.366,77.395,63.822,65.936,69.676,58.124,435.586,451.687,58.397,488.986
34.834,110.468,372.283,414.224,249.56,415.576,47.577,402.961,143.63,25.326,29.307,21.289,369.188,116.211,391.281,29.999,30.704,344.022,95.747,21.222,29.54,37.84,44.051,66.721,31.098,459.813,72.795,13.238,5.944,89.474,406.088,79.539,14.584,335.688,7.019,51.013,389.165,80.727,381.978,31.57,23.132,26.95,74.727,219.757,70.742,402.338,435.604,377.055,415.661,52.335,21.77,406.449,32.905,35.811,48.956,102.345,16.561,33.044,75.651,425.239,413.577,47.182,42.801,391.4991,420.787,52.346,192.76,113.137,23.695,409.309,40.772,254.261,14.138,39.097,76.292,38.177,432.619,46.309,48.884,574.745,50.786,33.848,129.648,501.439,25.892,39.299,393.78,48.119,79.863,431.976,28.641,355.166,371.918,29.542,38.528,305.428,53.313,0,46.046,31.538,433.006,393.608,36.522,94.385,28.265,17.918,3.962,383.828,399.929,8.236,437.228
79.503,72.248,416.952,458.893,294.229,460.245,77.729,447.63,188.299,53.652,57.633,27.324,413.857,77.991,435.95,56.032,35.253,388.691,140.416,36.969,19.944,82.509,70.084,111.39,59.214,504.482,43.975,44.939,45.192,108.327,450.757,98.392,31.709,380.357,50.792,80.248,433.834,42.507,426.647,76.239,54.437,52.983,119.396,264.426,115.411,447.007,480.273,421.724,460.33,71.188,66.439,451.118,67.822,61.844,83.194,147.014,61.23,63.3,45.084,469.9081,458.246,11.197,87.47,436.1681,465.4561,14.126,237.429,74.917,33.529,453.978,72.591,298.93,32.887,74.914,38.072,48.461,477.288,76.461,67.737,619.414,94.559,61.964,174.317,546.1081,67.866,65.332,438.449,82.357,41.643,476.645,73.31,399.835,416.587,58.077,67.763,350.097,15.991,46.579,0,57.571,477.675,438.277,65.757,75.595,54.298,62.587,46.218,428.497,444.598,47.487,481.897
46.324,80.945,385.644,427.586,262.921,428.937,33.634,416.323,156.991,21.905,15.224,40.644,382.549,87.901,404.643,9.918,51.252,357.383,106.697,49.176,46.183,53.754,23.332,80.082,20.643,473.175,44.162,45.241,35.109,115.884,419.449,107.493,26.605,349.049,36.35,45.904,402.527,63.939,395.339,61.815,25.346,17.29,85.677,233.118,83.08,415.7,448.965,390.416,429.023,80.289,46.047,419.811,35.572,15.092,51.882,113.295,46.806,31.05,47.018,438.601,426.939,59.203,55.891,404.8611,434.149,64.367,203.71,87.24,51.649,422.671,40.376,267.622,39.52,42.699,53.616,7.075,445.981,38.905,76.838,588.106,60.154,22.113,140.598,514.8,35.616,18.58,407.142,47.683,59.481,445.337,47.971,368.528,385.28,25.862,35.548,318.789,73.96,31.982,57.433,0,446.368,406.969,33.542,115.032,10.678,48.163,32.961,397.189,413.291,37.604,450.59
400.226,520.194,86.082,48.267,196.332,59.339,423.626,42,302.3651,426.058,432.014,452.2401,70.663,527.1501,71.081,439.976,453.05,101.268,407.425,445.1511,460.491,395.748,436.434,368.246,428.645,40.761,483.411,436.915,435.186,382.084,71.267,389.543,445.285,140.219,427.75,413.692,56.411,511.4281,84.732,401.502,426.23,430.989,410.485,237.305,391.953,34.593,76.446,84.877,14.525,439.522,412.695,38.432,412.674,440.62,404.129,408.3741,417.57,415.266,486.267,18.669,32.038,477.883,391.129,45.935,54.83,483.0471,296.884,526.4891,449.215,66.75,415.537,204.406,445.0891,412.547,492.865,448.793,26.049,415.853,445.5431,187.374,400.776,431.098,359.105,144.907,414.779,444.108,52.323,407.779,498.73,72.818,405.36,82.148,63.978,421.091,420.777,141.011,484.2641,433.4881,476.997,446.33,0,71.599,418.771,527.6361,434.826,416.606,430.941,86.623,46.002,431.8391,81.022
361.049,481.017,23.095,26.543,172.032,111.172,384.449,35.314,263.188,386.881,392.837,413.063,83.451,487.9731,18.166,400.799,413.873,91.989,337.472,405.9741,421.314,356.571,397.257,329.069,389.468,80.656,444.234,397.738,396.009,342.907,120.351,350.366,406.108,81.022,388.573,374.515,21.745,472.2511,15.256,362.325,387.053,391.812,371.308,213.005,352.776,59.027,128.279,20.051,55.435,400.3461,373.518,37.714,373.497,401.443,364.952,327.29,378.393,376.089,447.09,70.502,41.95,438.706,351.952,72.63,21.89,443.8701,237.687,487.312,410.038,7.869,376.36,180.106,405.912,373.37,453.688,409.616,77.882,376.676,406.3671,239.207,361.599,391.921,299.908,196.74,375.602,404.931,27.662,368.602,459.553,124.651,366.183,63.617,45.447,381.914,381.6,131.732,445.0871,394.3111,437.82,407.153,71.415,0,379.594,488.459,395.649,377.429,391.764,12.288,32.282,392.6621,132.855
19.576,107.613,358.896,400.838,236.173,402.189,12.731,389.575,130.243,13.477,19.433,48.935,355.801,114.569,377.895,27.395,59.543,330.635,79.589,55.466,54.474,27.006,20.858,53.334,18.584,446.427,70.83,47.23,39.236,89.136,392.701,81.033,34.896,322.3011,32.901,15.25,375.779,90.607,368.591,24.885,13.655,18.408,58.57,206.37,56.332,388.952,422.217,363.668,402.275,83.848,19.269,393.063,4.312,23.404,17.713,86.187,20.725,4.859,73.686,411.8531,400.191,67.494,29.143,378.1131,407.4011,72.658,176.603,113.908,55.384,395.923,7.593,240.874,47.811,9.433,80.284,36.212,419.233,11.463,80.397,561.358,28.916,15.522,113.49,488.052,10.855,28.079,380.394,16.876,86.149,418.589,21.981,341.78,358.532,8.75,2.679,292.041,82.251,36.644,65.724,33.749,419.6201,380.221,0,123.323,22.245,20.303,34.264,370.441,386.543,38.517,423.842
127.698,131.046,465.11,507.051,342.387,508.403,134.706,495.788,239.462,110.629,114.61,74.64,462.015,136.789,484.108,113.009,74.768,436.849,188.574,81.767,67.597,130.667,127.062,159.548,116.192,552.64,102.773,90.026,91.841,147.842,498.915,137.907,88.682,428.515,99.426,137.225,481.992,101.305,474.805,124.397,111.415,109.961,167.554,312.584,163.569,495.165,528.431,469.882,508.488,110.703,114.634,499.276,125.923,118.822,141.974,195.172,109.425,120.277,103.882,518.066,506.404,98.922,135.628,484.326,513.614,74.576,285.587,133.715,77.938,502.136,129.568,347.088,80.203,130.186,96.87,121.187,525.4461,133.438,107.252,667.572,141.875,118.942,222.475,594.2661,122.735,122.31,486.607,141.137,100.441,524.8029,121.505,447.993,464.745,115.054,124.74,398.255,63.287,93.895,75.05,114.548,525.8331,486.435,122.734,0,111.275,110.781,98.351,476.655,492.756,92.924,530.0551
34.979,86.347,374.299,416.241,251.576,417.592,24.031,404.978,145.646,10.56,3.879,38.963,371.204,93.303,393.298,6.129,49.571,346.038,95.352,47.496,44.502,42.409,16.572,68.737,9.298,461.83,49.564,43.561,35.222,104.539,408.104,96.436,24.924,337.704,28.255,36.301,391.182,69.341,383.994,49.627,14.001,5.945,74.332,221.773,71.735,404.355,437.62,379.071,417.678,78.609,34.702,408.466,24.227,8.333,39.634,101.95,34.416,19.705,52.42,427.256,415.594,57.523,44.546,393.5161,422.804,62.687,192.365,92.642,49.969,411.326,29.031,256.277,37.84,31.354,59.018,14.946,434.636,29.302,75.158,576.761,48.809,12.049,129.253,503.455,24.271,11.82,395.797,38.08,64.883,433.992,36.626,357.183,373.935,14.517,24.203,307.444,72.279,30.302,55.753,10.684,435.023,395.624,22.197,113.351,0,35.773,29.435,385.844,401.946,36.481,439.245
18.165,126.534,356.068,398.009,233.345,399.361,30.999,386.746,127.415,29.093,33.074,37.605,352.9731,132.277,375.0659,41.032,43.175,327.807,79.532,34.032,45.856,21.625,37.607,50.506,34.865,443.598,84.467,25.345,20.422,86.307,389.873,78.204,30.65,319.4731,14.087,34.435,372.95,96.793,365.763,15.355,26.899,31.395,58.512,203.542,54.527,386.123,419.389,360.84,399.446,65.064,5.101,390.234,16.327,41.676,32.378,86.13,1.709,16.466,87.323,409.024,397.362,63.248,26.854,375.284,404.572,68.412,176.545,129.203,36.57,393.094,24.194,238.046,30.454,23.214,92.358,49.849,416.404,29.731,61.613,558.53,34.25,32.271,113.433,485.224,13.139,45.164,377.565,31.541,95.929,415.761,11.972,338.951,355.703,22.291,21.95,289.213,69.629,18.853,62.362,47.604,416.791,377.393,19.944,111.551,35.882,0,16.306,367.613,383.714,19.703,421.013
34.239,111.207,371.688,413.629,248.965,414.981,46.013,402.366,143.035,23.762,27.743,25.709,368.593,116.95,390.686,30.738,35.124,343.427,95.152,25.642,33.96,37.245,44.79,66.126,29.534,459.218,73.534,17.658,10.364,101.927,405.493,93.824,15.323,335.093,4.552,49.449,388.57,81.466,381.383,30.975,21.568,27.689,74.132,219.162,70.147,401.743,435.009,376.46,415.066,56.755,21.175,405.854,31.341,36.55,47.392,101.75,15.966,31.48,76.39,424.644,412.982,47.921,42.206,390.9041,420.192,53.085,192.165,113.876,28.115,408.714,39.208,253.666,18.558,37.533,77.031,38.916,432.024,44.745,53.304,574.15,49.222,32.284,129.053,500.8441,24.328,40.038,393.185,46.555,80.602,431.381,28.046,354.571,371.323,27.978,36.964,304.833,57.733,3.93,46.151,32.277,432.411,393.013,34.958,98.805,29.004,17.323,0,383.233,399.334,12.348,436.633
351.245,471.213,13.291,38.416,162.228,119.966,374.6451,39.751,253.384,377.077,383.033,403.2591,76.039,478.1691,20.737,390.995,404.0691,84.577,327.668,396.1701,411.51,346.767,387.453,319.265,379.664,92.529,434.43,387.934,386.205,333.103,112.939,340.562,396.304,71.218,378.769,364.711,27.355,462.4471,3.937,352.521,377.249,382.008,361.504,203.201,342.972,56.395,137.073,10.246,65.252,390.5421,363.7141,44.604,363.6931,391.639,355.148,317.827,368.589,366.285,437.286,79.296,51.767,428.902,342.148,69.998,33.763,434.0661,227.883,477.508,400.234,19.741,366.556,170.302,396.1081,363.566,443.884,399.812,86.676,366.872,396.5631,248.002,351.795,382.459,290.104,205.535,365.798,395.127,32.567,358.798,449.749,133.445,356.3791,56.205,34.848,372.11,371.796,124.32,435.2831,384.5071,428.0161,397.349,87.063,13.124,369.79,478.6551,385.845,367.6251,381.96,0,37.188,382.8581,141.649
367.378,487.346,38.478,16.223,172.737,85.73,390.778,4.96,269.5171,393.21,399.166,419.3921,69.134,494.3021,24.501,407.128,420.2021,77.672,375.465,412.3031,427.643,362.9,403.586,335.398,395.797,62.744,450.563,404.067,402.338,349.236,97.658,356.695,412.437,96.015,394.902,380.844,12.578,478.5801,39.692,368.654,393.382,398.141,377.637,213.71,359.105,26.786,102.837,39.837,29.993,406.674,379.847,9.345,379.826,407.772,371.281,375.5261,384.722,382.418,453.419,45.06,16.508,445.035,358.281,40.389,22.786,450.1991,252.679,493.641,416.367,27.298,382.689,180.811,412.2411,379.699,460.017,415.945,52.44,383.005,412.695,213.765,367.928,398.25,314.9,171.298,381.931,411.26,7.279,374.931,465.882,99.209,372.5121,49.3,31.13,388.243,387.929,117.415,451.4161,400.6401,444.149,413.482,45.973,32.219,385.923,494.7881,401.978,383.7581,398.093,36.307,0,398.9911,107.413
36.398,115.74,371.611,413.552,248.888,414.904,49.295,402.289,142.958,29.891,33.872,22.425,368.516,121.483,390.609,35.753,25.276,343.35,95.075,13.138,30.676,37.168,46.939,66.049,35.663,459.141,78.549,4.87,2.527,82.313,405.416,72.378,21.834,335.016,8.126,52.731,388.493,85.999,381.306,30.898,27.697,32.193,74.055,219.085,70.07,401.666,434.932,376.383,414.989,45.174,23.334,405.777,34.623,42.474,50.674,101.673,18.125,34.762,81.405,424.567,412.905,52.453,42.129,390.8271,420.1151,57.617,192.088,118.409,18.671,408.637,42.49,253.589,14.131,41.447,81.564,43.931,431.947,48.027,41.723,574.073,52.908,38.413,128.976,500.767,31.435,45.962,393.108,49.837,85.134,431.304,30.205,354.494,371.246,34.107,40.246,304.756,58.441,8.225,47.182,37.292,432.334,392.936,38.24,93.652,36.68,19.481,12.819,383.156,399.257,0,436.556
405.026,524.994,141.055,109.115,179.967,24.087,428.4261,102.848,286.754,430.858,436.814,457.04,69.609,531.9501,126.054,444.776,457.85,84.902,413.113,449.951,465.291,400.548,441.234,373.046,433.445,115.59,488.211,441.715,439.986,386.884,32.188,394.343,450.085,198.805,432.55,418.492,117.259,516.228,139.705,406.302,431.03,435.789,415.285,220.94,396.753,89.566,13.146,139.85,79.305,422.813,417.4951,99.28,417.4741,445.42,408.929,413.174,422.37,420.066,491.067,64.097,92.886,482.683,395.929,79.186,115.678,487.847,342.419,531.2891,454.015,127.598,420.337,188.041,449.889,417.347,497.665,453.593,55.848,420.653,428.8341,183.255,405.576,435.898,407.807,95.345,419.579,448.908,113.171,412.579,503.53,8.091,410.16,88.464,109.318,425.891,425.577,124.645,489.0641,438.2881,481.797,451.13,80.869,132.447,423.571,532.436,439.626,421.406,435.741,141.596,106.85,436.6391,0
